work_id,minimum_raw_hit_id,title,authors,first_public_date,latest_version_date,doi,arxiv_id,bibcode,source_databases,query_ids_found,raw_hit_ids,version_ids,preferred_version_id,preferred_citation_version,peer_review_status,automatic_mapping_bases,manual_adjudication_status,resolution_status,notes
BAIIW0001,BAII2H000001,Stationary quasi-periodic pulsations in 20-second cadence TESS flares,"Joshi, Aadish; Van Doorsselaere, Tom; Lim, Daye; Fritzewski, Dario J.",2025-06-27,2026-06-08,10.1051/0004-6361/202554820,,2025A&A...700A.178J,ADS_SCIX;ARXIV,Q01_DIRECT_TESS_QPP;Q02_TESS_STELLAR_FLARE_PERIODICITY;Q03_TESS_QPP_CATALOG;Q04_QPP_DETECTION_METHOD;Q05_INJECTION_RECOVERY_SELECTION;Q06_AFINO_RELATED,BAII2H000001;BAII2H000024;BAII2H000029;BAII2H000084;BAII2H000092;BAII2H000149;BAII2H000152;BAII2H000219;BAII2H000250;BAII2H000304;BAII2H000320;BAII2H000322,BAIIV0001;BAIIV0002,BAIIV0002,BAIIV0002,PEER_REVIEWED,AUTO_EXACT_ARXIV;AUTO_EXACT_DOI;AUTO_EXACT_PROVIDER_RECORD,,RESOLVED,
BAIIW0002,BAII2H000002,Detailed cool star flare morphology with CHEOPS and TESS***,"Bruno, G.; Pagano, I.; Scandariato, G.; Florén, H.-G.; Brandeker, A.; Olofsson, G.; Maxted, P. F. L.; Fortier, A.; Sousa, S. G.; Sulis, S.; Van Grootel, V.; Garai, Z.; Boldog, A.; Kriskovics, L.; Szabó, Gy. M.; Gandolfi, D.; Alibert, Y.; Alonso, R.; Bárczy, T.; Barrado Navascues, D.; Barros, S. C. C.; Baumjohann, W.; Beck, M.; Beck, T.; Benz, W.; Billot, N.; Borsato, L.; Broeg, C.; Collier Cameron, A.; Csizmadia, Sz.; Cubillos, P. E.; Davies, M. B.; Deleuil, M.; Deline, A.; Delrez, L.; Demangeon, O. D. S.; Demory, B.-O.; Ehrenreich, D.; Erikson, A.; Farinato, J.; Fossati, L.; Fridlund, M.; Gillon, M.; Güdel, M.; Günther, M. N.; Heitzmann, A.; Helling, Ch.; Hoyer, S.; Isaak, K. G.; Kiss, L. L.; Lam, K. W. F.; Laskar, J.; Lecavelier des Etangs, A.; Lendl, M.; Magrin, D.; Mordasini, C.; Nascimbeni, V.; Ottensamer, R.; Pallé, E.; Peter, G.; Piotto, G.; Pollacco, D.; Queloz, D.; Ragazzoni, R.; Rando, N.; Ratti, F.; Rauer, H.; Ribas, I.; Santos, N. C.; Sarajlic, M.; Ségransan, D.; Simon, A. E.; Singh, V.; Smith, A. M. S.; Stalport, M.; Thomas, N.; Udry, S.; Ulmer, B.; Venturini, J.; Villaver, E.; Walton, N. A.; Wilson, T. G.",2024-03-25,2026-06-15,10.1051/0004-6361/202348951,,2024A&A...686A.239B,ADS_SCIX;ARXIV,Q01_DIRECT_TESS_QPP;Q02_TESS_STELLAR_FLARE_PERIODICITY;Q04_QPP_DETECTION_METHOD,BAII2H000002;BAII2H000011;BAII2H000027;BAII2H000030;BAII2H000055;BAII2H000087;BAII2H000162;BAII2H000182;BAII2H000239,BAIIV0003;BAIIV0004;BAIIV0005,BAIIV0004,BAIIV0004,PEER_REVIEWED,AUTO_EXACT_ARXIV;AUTO_EXACT_PROVIDER_RECORD,MANUAL_CONFIRMED_SAME_WORK,RESOLVED,
BAIIW0003,BAII2H000003,Properties of Flare Quasiperiodic Pulsations Based on a New TESS Flare Catalog,"Wang, Yinpeng; Zhang, Li-yun; Su, Tianhao; Misra, Prabhakar; Han, Xianming L.",2025-12-01,2026-06-08,10.3847/1538-4365/ae1469,,2025ApJS..281...52W,ADS_SCIX,Q01_DIRECT_TESS_QPP;Q02_TESS_STELLAR_FLARE_PERIODICITY;Q03_TESS_QPP_CATALOG;Q04_QPP_DETECTION_METHOD,BAII2H000003;BAII2H000034;BAII2H000094;BAII2H000164,BAIIV0006,BAIIV0006,BAIIV0006,PEER_REVIEWED,AUTO_EXACT_PROVIDER_RECORD,,RESOLVED,
BAIIW0004,BAII2H000004,A recurrent 70─100 min quasi-periodic pulsation in the intermediate-aged mid-M dwarf GJ 3512,"López-Santiago, J.; Reale, F.; Micela, G.; Martino, L.; Vázquez-Vilar, G.; Miguez, J.",2025-12-19,2026-06-08,10.1093/mnras/staf2256,,2026MNRAS.546f2256L,ADS_SCIX;ARXIV,Q01_DIRECT_TESS_QPP;Q02_TESS_STELLAR_FLARE_PERIODICITY;Q03_TESS_QPP_CATALOG;Q04_QPP_DETECTION_METHOD,BAII2H000004;BAII2H000025;BAII2H000040;BAII2H000105;BAII2H000158;BAII2H000222,BAIIV0007;BAIIV0008,BAIIV0008,BAIIV0008,PEER_REVIEWED,AUTO_EXACT_ARXIV;AUTO_EXACT_PROVIDER_RECORD,,RESOLVED,
BAIIW0005,BAII2H000005,β Cephei Pulsators in Eclipsing Binaries Observed with TESS,"Eze, Christian I.; Handler, Gerald",2024-03,2026-06-15,10.3847/1538-4365/ad39c5,,2024ApJS..272...25E,ADS_SCIX,Q01_DIRECT_TESS_QPP,BAII2H000005,BAIIV0009;BAIIV0010,BAIIV0010,BAIIV0010,PEER_REVIEWED,AUTO_EXACT_PROVIDER_RECORD,,RESOLVED,
BAIIW0006,BAII2H000006,Quasi-periodic pulsations in flares of UV Ceti-type stars,"Panferov, A.; Kolotkov, D.; Beskin, G.; Karpov, S.; Plokhotnichenko, V.; Maryeva, O.",2024-12-01,2026-03-23,,,2024maeu.conf..496P,ADS_SCIX,Q01_DIRECT_TESS_QPP;Q02_TESS_STELLAR_FLARE_PERIODICITY;Q04_QPP_DETECTION_METHOD,BAII2H000006;BAII2H000048;BAII2H000160,BAIIV0011,BAIIV0011,BAIIV0011,NOT_PEER_REVIEWED,AUTO_EXACT_PROVIDER_RECORD,MANUAL_CONFIRMED_DISTINCT_WORKS,RESOLVED,
BAIIW0007,BAII2H000007,Exploring low-amplitude variability in first-overtone Cepheids with TESS,"Plachy, E.; Netzel, H.; Bódi, A.",2025-10,2026-07-13,10.1051/0004-6361/202556557,,2025A&A...703A.155P,ADS_SCIX,Q01_DIRECT_TESS_QPP;Q04_QPP_DETECTION_METHOD,BAII2H000007;BAII2H000195,BAIIV0012;BAIIV0013,BAIIV0013,BAIIV0013,PEER_REVIEWED,AUTO_EXACT_PROVIDER_RECORD,,RESOLVED,
BAIIW0008,BAII2H000008,Similarities and differences between solar and stellar flare pulsation processes,"Reale, Fabio",2026-02-01,2026-06-15,,2602.03499,2026arXiv260203499R,ADS_SCIX;ARXIV,Q01_DIRECT_TESS_QPP;Q02_TESS_STELLAR_FLARE_PERIODICITY;Q03_TESS_QPP_CATALOG;Q04_QPP_DETECTION_METHOD,BAII2H000008;BAII2H000026;BAII2H000044;BAII2H000082;BAII2H000124;BAII2H000151;BAII2H000174;BAII2H000224,BAIIV0014,BAIIV0014,BAIIV0014,PREPRINT,AUTO_EXACT_ARXIV;AUTO_EXACT_PROVIDER_RECORD,,RESOLVED,
BAIIW0009,BAII2H000009,Period variability in the pulsating Extreme Helium stars V652 Her and BX Cir,"Kilkenny, D.; Worters, H. L.; Baran, A. S.",2024-01-01,2026-03-23,10.1093/mnras/stad3544,,2024MNRAS.527.8402K,ADS_SCIX,Q01_DIRECT_TESS_QPP,BAII2H000009,BAIIV0015,BAIIV0015,BAIIV0015,PEER_REVIEWED,AUTO_EXACT_PROVIDER_RECORD,,RESOLVED,
BAIIW0010,BAII2H000010,WASP 0346-21: An EL CVn-type Eclipsing Binary with Multiperiodic Pulsations in a Triple System,"Lee, Jae Woo; Hong, Kyeongsoo; Jeong, Min-Ji; Wolf, Marek",2024-07,2026-06-15,10.3847/1538-4357/ad67c7,,2024ApJ...973..114L,ADS_SCIX,Q01_DIRECT_TESS_QPP;Q04_QPP_DETECTION_METHOD,BAII2H000010;BAII2H000184,BAIIV0016;BAIIV0017,BAIIV0017,BAIIV0017,PEER_REVIEWED,AUTO_EXACT_PROVIDER_RECORD,,RESOLVED,
BAIIW0011,BAII2H000012,An Infrared Census of R Coronae Borealis Stars II—Spectroscopic Classifications and Implications for the Rate of Low-mass White Dwarf Mergers,"Karambelkar, Viraj R.; Kasliwal, Mansi M.; Tisserand, Patrick; Anand, Shreya; Ashley, Michael C. B.; Bildsten, Lars; Clayton, Geoffrey C.; Crawford, Courtney C.; De, Kishalay; Earley, Nicholas; Hankins, Matthew J.; Hall, Xander; Lamberts, Astrid; Lau, Ryan M.; McKenna, Dan; Moore, Anna; Ofek, Eran O.; Smith, Roger M.; Soria, Roberto; Soon, Jamie; Travouillon, Tony",2024-07-11,2026-06-15,10.1088/1538-3873/ad6210,,2024PASP..136h4201K,ADS_SCIX;ARXIV,Q01_DIRECT_TESS_QPP;Q04_QPP_DETECTION_METHOD,BAII2H000012;BAII2H000028;BAII2H000185;BAII2H000247,BAIIV0018;BAIIV0019,BAIIV0019,BAIIV0019,PEER_REVIEWED,AUTO_EXACT_ARXIV;AUTO_EXACT_PROVIDER_RECORD,,RESOLVED,
BAIIW0012,BAII2H000013,Modelling of eclipsing binary systems with pulsating components and tertiary companions: BF Vel and RR Lep,"Liakos, A.; Moriarty, D. J. W.; Erdem, A.; West, J. F.; Evans, P.",2024-09,2026-06-15,10.1051/0004-6361/202450560,,2024A&A...691A.260L,ADS_SCIX,Q01_DIRECT_TESS_QPP,BAII2H000013,BAIIV0020;BAIIV0021,BAIIV0021,BAIIV0021,PEER_REVIEWED,AUTO_EXACT_PROVIDER_RECORD,,RESOLVED,
BAIIW0013,BAII2H000014,The Asteroseismological Richness of RCB and dLHdC Stars,"Wong, Tin Long Sunny; Bildsten, Lars",2023-11,2026-06-15,10.3847/1538-4357/ad0cfa,,2024ApJ...962...20W,ADS_SCIX,Q01_DIRECT_TESS_QPP;Q04_QPP_DETECTION_METHOD,BAII2H000014;BAII2H000190,BAIIV0022;BAIIV0023,BAIIV0023,BAIIV0023,PEER_REVIEWED,AUTO_EXACT_PROVIDER_RECORD,,RESOLVED,
BAIIW0014,BAII2H000015,Modeling of Two Low-amplitude Radially Pulsating δ Scuti Stars: KIC 12602250 and KIC 5768203,"Ma, Shuguo; Luo, A.-Li; Wei, Peng; Lv, Chenglong; Yang, Ming; Zuo, Fang; Cui, Yingzhen; Li, Shuo; Meng, Gang; Hou, Wen; He, Yuji; Li, Yinbi; Liu, Zhongyang; Ma, Xiao-Xiao; Liang, Jun-Chao; Dang, Fei; Yang, Daoye; Esamdin, Ali; Zeng, Hao; Qu, Cai-Xia",2025-07-01,2026-06-08,10.3847/1538-4357/add406,,2025ApJ...988...37M,ADS_SCIX,Q01_DIRECT_TESS_QPP,BAII2H000015,BAIIV0024,BAIIV0024,BAIIV0024,PEER_REVIEWED,AUTO_EXACT_PROVIDER_RECORD,,RESOLVED,
BAIIW0015,BAII2H000016,A comprehensive study of an oscillating eclipsing Algol: Y Camelopardalis,"Çelik, Eda; Kahraman Aliçavuș, Filiz",2024-05,2026-06-15,10.1093/pasj/psae048,,2024PASJ...76..787C,ADS_SCIX,Q01_DIRECT_TESS_QPP;Q04_QPP_DETECTION_METHOD,BAII2H000016;BAII2H000201,BAIIV0025;BAIIV0026,BAIIV0026,BAIIV0026,PEER_REVIEWED,AUTO_EXACT_PROVIDER_RECORD,,RESOLVED,
BAIIW0016,BAII2H000017,Investigative study of five low mass ratio semi-detached binaries,"G, Vinay Kumar; Devarapalli, Shanti Priya; Parthasarathy, Mudumba; Jagirdar, Rukmini; Stassun, Keivan G.",2024-10-01,2026-03-23,10.1007/s10509-024-04368-6,,2024Ap&SS.369..105G,ADS_SCIX,Q01_DIRECT_TESS_QPP;Q04_QPP_DETECTION_METHOD,BAII2H000017;BAII2H000204,BAIIV0027,BAIIV0027,BAIIV0027,PEER_REVIEWED,AUTO_EXACT_PROVIDER_RECORD,,RESOLVED,
BAIIW0017,BAII2H000018,Spotted eclipsing binary KIC 7023917 with δ-Scuti pulsations,"Gajdoš, P.; Parimucha, Š.; Kamenec, M.",2024-02-01,2026-03-23,10.31577/caosp.2024.54.2.194,,2024CoSka..54b.194G,ADS_SCIX,Q01_DIRECT_TESS_QPP;Q04_QPP_DETECTION_METHOD,BAII2H000018;BAII2H000211,BAIIV0028,BAIIV0028,BAIIV0028,PEER_REVIEWED,AUTO_EXACT_PROVIDER_RECORD,,RESOLVED,
BAIIW0018,BAII2H000019,"Detecting Stellar Companions through Pulsation Timing: Strengths, Limitations, and Comparisons with Radial Velocity","Otani, Tomomi; Spence, Lindsay; Lynum-Lozano, Ellesse",2025-01-01,2026-03-23,,,2025AAS...24524915O,ADS_SCIX,Q01_DIRECT_TESS_QPP;Q04_QPP_DETECTION_METHOD,BAII2H000019;BAII2H000194,BAIIV0029,BAIIV0029,BAIIV0029,NOT_PEER_REVIEWED,AUTO_EXACT_PROVIDER_RECORD,,RESOLVED,
BAIIW0019,BAII2H000020,Abrupt Periodic Pulsation Resumptions in Deneb,"Guzik, Joyce A.; Abt, Helmut A.; Jackiewicz, Jason; Kloppenborg, Brian",2024-10-01,2026-06-15,,2410.23936,2024arXiv241023936G,ADS_SCIX,Q01_DIRECT_TESS_QPP,BAII2H000020,BAIIV0030,BAIIV0030,BAIIV0030,PREPRINT,AUTO_EXACT_PROVIDER_RECORD,,RESOLVED,
BAIIW0020,BAII2H000021,Photometric Analysis of Two β Cepheids and Their Host Cluster NGC 4755,"Levine, Denis; Rahman, Khensa; Dunn, Nicholas; Vishnevskiy, Leonid",2025-06-01,2026-05-18,,,2025AAS...24624106L,ADS_SCIX,Q01_DIRECT_TESS_QPP;Q04_QPP_DETECTION_METHOD,BAII2H000021;BAII2H000203,BAIIV0031,BAIIV0031,BAIIV0031,NOT_PEER_REVIEWED,AUTO_EXACT_PROVIDER_RECORD,,RESOLVED,
BAIIW0021,BAII2H000022,γ Dor Type Pulsation Nature of the VZ CVn System,"Geldi, Mehmet; Sipahi Kılıç, Esin",2025-07-01,2026-03-23,10.55064/tjaa.1593821,,2025TJAA....6S.430G,ADS_SCIX,Q01_DIRECT_TESS_QPP,BAII2H000022,BAIIV0032,BAIIV0032,BAIIV0032,PEER_REVIEWED,AUTO_EXACT_PROVIDER_RECORD,,RESOLVED,
BAIIW0022,BAII2H000023,Chronicling Nearly Fifty Years of G29-38 Pulsations,"Savery, Steven; Provencal, Judith",2024-02-01,2026-03-23,,,2025AAS...24540901S,ADS_SCIX,Q01_DIRECT_TESS_QPP;Q04_QPP_DETECTION_METHOD,BAII2H000023;BAII2H000206,BAIIV0033;BAIIV0034,BAIIV0034,BAIIV0034,NOT_PEER_REVIEWED,AUTO_EXACT_PROVIDER_RECORD,MANUAL_CONFIRMED_SAME_WORK,RESOLVED,
BAIIW0023,BAII2H000031,"Scalable, Advanced Machine Learning Based Approaches for Stellar Flare Identification: Application to TESS Short-cadence Data and Analysis of a New Flare Catalog","Lin, Chia-Lung; Apai, Dániel; Giampapa, Mark S.; Ip, Wing-Huen",2024-09-04,2026-06-15,10.3847/1538-3881/ad7956,,2024AJ....168..234L,ADS_SCIX;ARXIV,Q02_TESS_STELLAR_FLARE_PERIODICITY;Q03_TESS_QPP_CATALOG;Q05_INJECTION_RECOVERY_SELECTION,BAII2H000031;BAII2H000083;BAII2H000093;BAII2H000254,BAIIV0035;BAIIV0036,BAIIV0036,BAIIV0036,PEER_REVIEWED,AUTO_EXACT_ARXIV;AUTO_EXACT_PROVIDER_RECORD,,RESOLVED,
BAIIW0024,BAII2H000032,Detecting Stellar Flares in Photometric Data Using Hidden Markov Models,"Esquivel, J. Arturo; Shen, Yunyi; Leos-Barajas, Vianey; Eadie, Gwendolyn; Speagle, Joshua S.; Craiu, Radu V.; Medina, Amber; Davenport, James R. A.",2024-04-19,2026-06-15,10.3847/1538-4357/ad95f6,,2025ApJ...979..141E,ADS_SCIX;ARXIV,Q02_TESS_STELLAR_FLARE_PERIODICITY;Q05_INJECTION_RECOVERY_SELECTION,BAII2H000032;BAII2H000080;BAII2H000248;BAII2H000300,BAIIV0037;BAIIV0038,BAIIV0038,BAIIV0038,PEER_REVIEWED,AUTO_EXACT_ARXIV;AUTO_EXACT_DOI;AUTO_EXACT_PROVIDER_RECORD,,RESOLVED,
BAIIW0025,BAII2H000033,Stellar Flares in the TESS Light Curves of Planet-hosting M Dwarfs,"Capistrant, Benjamin K.; Dittmann, Jason",2025-11-17,2026-06-15,10.3847/1538-4357/ae1ddf,,2026ApJ...998..173C,ADS_SCIX;ARXIV,Q02_TESS_STELLAR_FLARE_PERIODICITY,BAII2H000033;BAII2H000081,BAIIV0039;BAIIV0040,BAIIV0040,BAIIV0040,PEER_REVIEWED,AUTO_EXACT_ARXIV;AUTO_EXACT_DOI;AUTO_EXACT_PROVIDER_RECORD,,RESOLVED,
BAIIW0026,BAII2H000035,Simultaneous Optical and Radio Observations of a Large Stellar Flare on EV Lac,"Lu, Hong-Peng; Zhang, Jia-Le; Tian, Hui; Zhang, Li-Yun; Chen, He-Chao; Zheng, Jie; Zhang, Jun-Bo; Wang, Jian-Guo; Inoue, Shun; Maehara, Hiroyuki; Namekata, Kosuke",2025-09-01,2026-08-07,10.3847/2041-8213/adfc5b,,2025ApJ...990L..32L,ADS_SCIX,Q02_TESS_STELLAR_FLARE_PERIODICITY,BAII2H000035,BAIIV0041,BAIIV0041,BAIIV0041,PEER_REVIEWED,AUTO_EXACT_PROVIDER_RECORD,,RESOLVED,
BAIIW0027,BAII2H000036,"The Solar-like Latitudinal Distribution of Flaring Activities Revealed by TESS, APOGEE, and GALAH","Yang, Huiqin; Liu, Shuai; Huang, Yang; Zhang, Bowen; Liu, Jifeng",2026-03,2026-06-08,10.3847/1538-4365/ae50ec,,2026ApJS..283...83Y,ADS_SCIX,Q02_TESS_STELLAR_FLARE_PERIODICITY,BAII2H000036,BAIIV0042;BAIIV0043,BAIIV0043,BAIIV0043,PEER_REVIEWED,AUTO_EXACT_PROVIDER_RECORD,,RESOLVED,
BAIIW0028,BAII2H000037,Magnetic activity of RS CVn stars based on TESS and LAMOST surveys,"Xu, Lulu; Zhang, Liyun; Wang, Yinpeng; Su, Tianhao; Han, Xianming L.; Misra, Prabhakar; Zhu, Zhongzhong; Pi, Qingfeng",2025-07-01,2026-06-08,10.1051/0004-6361/202451962,,2025A&A...699A.322X,ADS_SCIX,Q02_TESS_STELLAR_FLARE_PERIODICITY;Q03_TESS_QPP_CATALOG,BAII2H000037;BAII2H000099,BAIIV0044,BAIIV0044,BAIIV0044,PEER_REVIEWED,AUTO_EXACT_PROVIDER_RECORD,MANUAL_CONFIRMED_DISTINCT_WORKS,RESOLVED,
BAIIW0029,BAII2H000038,Magnetic Activities of Wolf 359: Starspot Distribution and Quasiperiodic Pulsation Using TESS Data,"Ram, Diya; Mondal, Soumen; Ghosh, Samrat; Kumbhakar, Rajib",2025-08-01,2026-06-15,10.3847/1538-4357/ade9a7,,2025ApJ...988..257R,ADS_SCIX,Q02_TESS_STELLAR_FLARE_PERIODICITY;Q03_TESS_QPP_CATALOG,BAII2H000038;BAII2H000104,BAIIV0045,BAIIV0045,BAIIV0045,PEER_REVIEWED,AUTO_EXACT_PROVIDER_RECORD,,RESOLVED,
BAIIW0030,BAII2H000039,Transient Corotating Clumps around Adolescent Low-mass Stars from Four Years of TESS,"Bouma, Luke G.; Jayaraman, Rahul; Rappaport, Saul; Rebull, Luisa M.; Hillenbrand, Lynne A.; Winn, Joshua N.; David-Uraz, Alexandre; Bakos, Gáspár Á.",2023-09,2026-06-15,10.3847/1538-3881/ad0c4c,,2024AJ....167...38B,ADS_SCIX,Q02_TESS_STELLAR_FLARE_PERIODICITY,BAII2H000039,BAIIV0046;BAIIV0047,BAIIV0047,BAIIV0047,PEER_REVIEWED,AUTO_EXACT_PROVIDER_RECORD,,RESOLVED,
BAIIW0031,BAII2H000041,Superflare on a rapidly-rotating solar-type star captured in X-rays,"Mukhin, Andrey; Krivonos, Roman; Bikmaev, Ilfan; Gorbachev, Mark; Khamitov, Irek; Sazonov, Sergey; Gilfanov, Marat; Sunyaev, Rashid",2024-08-14,2026-06-15,10.1016/j.jheap.2024.11.016,,2025JHEAp..45..105M,ADS_SCIX;ARXIV,Q02_TESS_STELLAR_FLARE_PERIODICITY;Q03_TESS_QPP_CATALOG,BAII2H000041;BAII2H000091;BAII2H000100,BAIIV0048;BAIIV0049,BAIIV0049,BAIIV0049,PEER_REVIEWED,AUTO_EXACT_ARXIV;AUTO_EXACT_DOI;AUTO_EXACT_PROVIDER_RECORD,,RESOLVED,
BAIIW0032,BAII2H000042,Radio emission from flaring stars and brown dwarfs,"Perger, K.; Seli, B.; Vida, K.",2025-06-26,2026-06-08,10.1051/0004-6361/202555032,,2025A&A...699A.337P,ADS_SCIX;ARXIV,Q02_TESS_STELLAR_FLARE_PERIODICITY;Q03_TESS_QPP_CATALOG,BAII2H000042;BAII2H000090;BAII2H000102,BAIIV0050;BAIIV0051,BAIIV0051,BAIIV0051,PEER_REVIEWED,AUTO_EXACT_ARXIV;AUTO_EXACT_DOI;AUTO_EXACT_PROVIDER_RECORD,,RESOLVED,
BAIIW0033,BAII2H000043,Exploring the photometric variability of ultra-cool dwarfs with TESS,"Petrucci, Romina P.; Gómez Maqueo Chew, Yilen; Jofré, Emiliano; Segura, Antígona; Ferrero, Leticia V.",2023-11,2026-06-15,10.1093/mnras/stad3720,,2024MNRAS.527.8290P,ADS_SCIX,Q02_TESS_STELLAR_FLARE_PERIODICITY,BAII2H000043,BAIIV0052;BAIIV0053,BAIIV0053,BAIIV0053,PEER_REVIEWED,AUTO_EXACT_PROVIDER_RECORD,,RESOLVED,
BAIIW0034,BAII2H000045,Searching for the stellar cycles of low-mass stars using TESS data,"Ramsay, Gavin; Hakala, Pasi; Gerry Doyle, J.",2024-07,2026-06-15,10.1051/0004-6361/202450523,,2024A&A...689A.288R,ADS_SCIX,Q02_TESS_STELLAR_FLARE_PERIODICITY,BAII2H000045,BAIIV0054;BAIIV0055,BAIIV0055,BAIIV0055,PEER_REVIEWED,AUTO_EXACT_PROVIDER_RECORD,,RESOLVED,
BAIIW0035,BAII2H000046,Planetary perturbers: flaring star-planet interactions in Kepler and TESS,"Ilin, Ekaterina; Poppenhäger, Katja; Chebly, Judy; Ilić, Nikoleta; Alvarado-Gómez, Julián D.",2023-11,2026-06-15,10.1093/mnras/stad3398,,2024MNRAS.527.3395I,ADS_SCIX,Q02_TESS_STELLAR_FLARE_PERIODICITY;Q03_TESS_QPP_CATALOG,BAII2H000046;BAII2H000095,BAIIV0056;BAIIV0057,BAIIV0057,BAIIV0057,PEER_REVIEWED,AUTO_EXACT_PROVIDER_RECORD,,RESOLVED,
BAIIW0036,BAII2H000047,Magnetic Activities of AD Leonis: Flares in TESS Data and Optical Spectra,"Ram, Diya; Mondal, Soumen; Patra, Dusmanta; Ghosh, Samrat; Khumbhakar, Rajib",2025-02-01,2026-03-23,10.3847/1538-4357/adabc3,,2025ApJ...980..196R,ADS_SCIX,Q02_TESS_STELLAR_FLARE_PERIODICITY;Q03_TESS_QPP_CATALOG,BAII2H000047;BAII2H000098,BAIIV0058,BAIIV0058,BAIIV0058,PEER_REVIEWED,AUTO_EXACT_PROVIDER_RECORD,,RESOLVED,
BAIIW0037,BAII2H000049,Detecting stellar flares in the presence of a deterministic trend and stochastic volatility,"Wang, Qiyuan; Motta, Giovanni; Sucarrat, Genaro; Kashyap, Vinay L.",2025-12,2026-06-30,10.1093/mnras/stag235,,2026MNRAS.546ag235W,ADS_SCIX,Q02_TESS_STELLAR_FLARE_PERIODICITY,BAII2H000049,BAIIV0059;BAIIV0060,BAIIV0060,BAIIV0060,PEER_REVIEWED,AUTO_EXACT_PROVIDER_RECORD,,RESOLVED,
BAIIW0038,BAII2H000050,HiPERCAM and TESS observations of the rapidly rotating M7V star LP 89─187,"Ramsay, Gavin; Gerry Doyle, J.; Littlefair, Stuart; Dhillon, V. S.; Garcia Alvarez, David",2025-09,2026-06-08,10.1051/0004-6361/202554275,,2025A&A...703A.122R,ADS_SCIX,Q02_TESS_STELLAR_FLARE_PERIODICITY;Q03_TESS_QPP_CATALOG,BAII2H000050;BAII2H000111,BAIIV0061;BAIIV0062,BAIIV0062,BAIIV0062,PEER_REVIEWED,AUTO_EXACT_PROVIDER_RECORD,,RESOLVED,
BAIIW0039,BAII2H000051,"Properties of PSR J1023+0038 Based on Kepler, TESS, and FAST","Zhang, Li-yun; Yang, Zilu; Li, Baoda; Su, Tianhao; Misra, Prabhakar; Han, Xianming L.; Long, Liu",2024-01-01,2026-04-13,10.3847/1538-4357/ad0841,,2024ApJ...960...20Z,ADS_SCIX,Q02_TESS_STELLAR_FLARE_PERIODICITY;Q03_TESS_QPP_CATALOG,BAII2H000051;BAII2H000109,BAIIV0063,BAIIV0063,BAIIV0063,PEER_REVIEWED,AUTO_EXACT_PROVIDER_RECORD,,RESOLVED,
BAIIW0040,BAII2H000052,Activity Cycles of Solar-Type Stars with Superflares,"Savanov, I. S.; Kalinkin, A. D.",2025-10-01,2026-07-22,10.1134/s106377292570221x,,2025ARep...69..983S,ADS_SCIX,Q02_TESS_STELLAR_FLARE_PERIODICITY,BAII2H000052,BAIIV0064,BAIIV0064,BAIIV0064,PEER_REVIEWED,AUTO_EXACT_PROVIDER_RECORD,MANUAL_CONFIRMED_DISTINCT_WORKS,RESOLVED,
BAIIW0041,BAII2H000053,Evolution of Flare Activity in GKM Stars Younger Than 300 Myr over Five Years of TESS Observations,"Feinstein, Adina D.; Seligman, Darryl Z.; France, Kevin; Gagné, Jonathan; Kowalski, Adam",2024-05-01,2026-06-15,10.3847/1538-3881/ad4edf,,2024AJ....168...60F,ADS_SCIX;ARXIV,Q02_TESS_STELLAR_FLARE_PERIODICITY;Q03_TESS_QPP_CATALOG,BAII2H000053;BAII2H000085;BAII2H000097,BAIIV0065;BAIIV0066,BAIIV0066,BAIIV0066,PEER_REVIEWED,AUTO_EXACT_ARXIV;AUTO_EXACT_PROVIDER_RECORD,,RESOLVED,
BAIIW0042,BAII2H000054,Searching for Pulsation Signals in Low Mass Stars with TESS through Light Curve Analysis,"Neha, Sajia Shahrin; Kiman, Rocio; Hallinan, Gregg; Buzasi, Derek; Pedersen, May; Perez, Uriel; Basu, Sarbani; Khalack, Viktor; Chaplin, William",2025-01-01,2026-03-23,,,2025AAS...24540323N,ADS_SCIX,Q02_TESS_STELLAR_FLARE_PERIODICITY;Q03_TESS_QPP_CATALOG,BAII2H000054;BAII2H000121,BAIIV0067,BAIIV0067,BAIIV0067,NOT_PEER_REVIEWED,AUTO_EXACT_PROVIDER_RECORD,,RESOLVED,
BAIIW0043,BAII2H000056,Magnetic Activity in X-Ray Stars from eROSITA: Insights from the TESS and LAMOST Surveys,"Xu, Lulu; Zhang, Li-yun; Wang, Yinpeng; Su, Tianhao; Han, Xianming L.; Pires, Adriana M.; Guo, Rui; Zhang, Xian; Misra, Prabhakar; Pi, Qingfeng; Lu, Hongpeng",2026-06-01,2026-06-30,10.3847/1538-4365/ae5d2d,,2026ApJS..284...54X,ADS_SCIX,Q02_TESS_STELLAR_FLARE_PERIODICITY;Q03_TESS_QPP_CATALOG,BAII2H000056;BAII2H000113,BAIIV0068,BAIIV0068,BAIIV0068,PEER_REVIEWED,AUTO_EXACT_PROVIDER_RECORD,MANUAL_CONFIRMED_DISTINCT_WORKS,RESOLVED,
BAIIW0044,BAII2H000057,Flaring Behavior in the M Dwarf PM J11183+1347 from TESS Observations,"Mwanzia, Dorothy M.; Kumbhakar, Rajib; Mondal, Soumen; Lata, Sneh; Okeng'o, Geoffrey; Ghosh, Samrat; Buers, John",2026-04-01,2026-06-08,10.3847/1538-4357/ae4c4a,,2026ApJ..1001...24M,ADS_SCIX,Q02_TESS_STELLAR_FLARE_PERIODICITY;Q03_TESS_QPP_CATALOG,BAII2H000057;BAII2H000103,BAIIV0069,BAIIV0069,BAIIV0069,PEER_REVIEWED,AUTO_EXACT_PROVIDER_RECORD,,RESOLVED,
BAIIW0045,BAII2H000058,Flare from the secondary star of an extreme period binary,"Shuang, Wang; Raúl, Michel; Huiyu, Yuan; Yuangui, Yang",2025-02-01,2026-03-23,10.1093/pasj/psae100,,2025PASJ...77...74S,ADS_SCIX,Q02_TESS_STELLAR_FLARE_PERIODICITY;Q03_TESS_QPP_CATALOG,BAII2H000058;BAII2H000114,BAIIV0070,BAIIV0070,BAIIV0070,PEER_REVIEWED,AUTO_EXACT_PROVIDER_RECORD,,RESOLVED,
BAIIW0046,BAII2H000059,Short-term Balmer Line Emission Variability in M Dwarfs,"García Soto, Aylin; Duvvuri, Girish M.; Newton, Elisabeth R.; Howard, Ward S.; Núñez, Alejandro; Douglas, Stephanie T.",2025-02,2026-06-15,10.3847/1538-4357/adb615,,2025ApJ...982...98G,ADS_SCIX,Q02_TESS_STELLAR_FLARE_PERIODICITY,BAII2H000059,BAIIV0071;BAIIV0072,BAIIV0072,BAIIV0072,PEER_REVIEWED,AUTO_EXACT_PROVIDER_RECORD,,RESOLVED,
BAIIW0047,BAII2H000060,Ca II and Hα flaring M dwarfs detected with multi-filter photometry,"Mas-Buitrago, P.; Zhang, J.-Y.; Solano, E.; Martín, E. L.",2025-03,2026-03-23,10.1051/0004-6361/202452387,,2025A&A...695A.182M,ADS_SCIX,Q02_TESS_STELLAR_FLARE_PERIODICITY;Q03_TESS_QPP_CATALOG,BAII2H000060;BAII2H000110,BAIIV0073;BAIIV0074,BAIIV0074,BAIIV0074,PEER_REVIEWED,AUTO_EXACT_PROVIDER_RECORD,,RESOLVED,
BAIIW0048,BAII2H000061,LAMOST medium-resolution observations of the Pleiades,"Frasca, A.; Zhang, J. Y.; Alonso-Santiago, J.; Fu, J. N.; Molenda-Żakowicz, J.; De Cat, P.; Catanzaro, G.",2025-04,2026-03-30,10.1051/0004-6361/202553673,,2025A&A...698A...7F,ADS_SCIX,Q02_TESS_STELLAR_FLARE_PERIODICITY;Q03_TESS_QPP_CATALOG,BAII2H000061;BAII2H000125,BAIIV0075;BAIIV0076,BAIIV0076,BAIIV0076,PEER_REVIEWED,AUTO_EXACT_PROVIDER_RECORD,,RESOLVED,
BAIIW0049,BAII2H000062,Coronal and chromospheric activity of Teegarden's star,"Fuhrmeister, B.; Schmitt, J. H. M. M.; Reiners, A.; Czesla, S.; Béjar, V. J. S.; Caballero, J.; Eislöffel, J.; Henning, Th.; Morales, J. C.; Quirrenbach, A.; Ribas, I.; Robrade, J.; Schneider, P. C.; Zechmeister, M.",2024-11-01,2026-03-23,10.1051/0004-6361/202451697,,2024A&A...691A.208F,ADS_SCIX,Q02_TESS_STELLAR_FLARE_PERIODICITY,BAII2H000062,BAIIV0077;BAIIV0078,BAIIV0077,BAIIV0077,PEER_REVIEWED,AUTO_EXACT_PROVIDER_RECORD,,RESOLVED,
BAIIW0050,BAII2H000063,Exploring stellar activity in a sample of active M dwarfs,"Rajpurohit, A. S.; Kumar, V.; Srivastava, M. K.; Labadie, L.; Rajpurohit, K.; Fernández-Trincado, J. G.",2025-10,2026-06-08,10.1051/0004-6361/202554816,,2025A&A...704A.154R,ADS_SCIX,Q02_TESS_STELLAR_FLARE_PERIODICITY,BAII2H000063,BAIIV0079;BAIIV0080,BAIIV0080,BAIIV0080,PEER_REVIEWED,AUTO_EXACT_PROVIDER_RECORD,,RESOLVED,
BAIIW0051,BAII2H000064,FUMES. IV. Optical and Far-ultraviolet Spectra of a Flare on the M Dwarf GJ 4334,"Duvvuri, Girish M.; Pineda, J. Sebastian; García Soto, Aylin; Berta-Thompson, Zachory K.; Youngblood, Allison; France, Kevin; Newton, Elisabeth R.; Stassun, Keivan G.",2025-08,2026-06-08,10.3847/1538-3881/adff74,,2025AJ....170..249D,ADS_SCIX,Q02_TESS_STELLAR_FLARE_PERIODICITY;Q03_TESS_QPP_CATALOG,BAII2H000064;BAII2H000108,BAIIV0081;BAIIV0082,BAIIV0082,BAIIV0082,PEER_REVIEWED,AUTO_EXACT_PROVIDER_RECORD,,RESOLVED,
BAIIW0052,BAII2H000065,The puzzling story of flare inactive ultra-fast-rotating M dwarfs ─ III. Investigating X-ray activity,"Doyle, Lauren; King, George W.; Ramsay, Gavin; Corrales, Lía R.; Bagnulo, Stefano; Doyle, J. Gerry; Hakala, Pasi",2026-04,2026-07-20,10.1093/mnras/stag681,,2026MNRAS.548ag681D,ADS_SCIX,Q02_TESS_STELLAR_FLARE_PERIODICITY,BAII2H000065,BAIIV0083;BAIIV0084,BAIIV0084,BAIIV0084,PEER_REVIEWED,AUTO_EXACT_PROVIDER_RECORD,,RESOLVED,
BAIIW0053,BAII2H000066,Time-Resolved Connection between Starspots and Flares in Nearby Young Solar-type Stars Observed by TESS,"Hitotsuyanagi, Daijiro; Yamada, Hiroto; Yamashiki, Daisuke; Ishihara, Kazuma; Yamashiki, Yosuke; Namekata, Kosuke",2026-07-01,2026-07-15,,2607.11824,2026arXiv260711824H,ADS_SCIX;ARXIV,Q02_TESS_STELLAR_FLARE_PERIODICITY;Q03_TESS_QPP_CATALOG,BAII2H000066;BAII2H000086;BAII2H000117,BAIIV0085,BAIIV0085,BAIIV0085,PREPRINT,AUTO_EXACT_ARXIV;AUTO_EXACT_PROVIDER_RECORD,,RESOLVED,
BAIIW0054,BAII2H000067,"Multiwavelength Campaign Observations of a Young Solar-type Star, EK Draconis. III. Comparison between Starspot Mapping, Zeeman Doppler Imaging, and Multiwavelength Variability","Ikuta, Kai; Namekata, Kosuke; Petit, Pascal; Airapetian, Vladimir S.; Maehara, Hiroyuki; Notsu, Yuta; Vidotto, Aline A.; Gendreau, Keith; Jeffers, Sandra V.; Marsden, Stephen; Morin, Julien; Neiner, Coralie; Paudel, Rishi R.; Nogami, Daisaku; Shibata, Kazunari",2026-02-17,2026-06-15,10.3847/1538-4357/ae47eb,,2026ApJ..1001...18I,ADS_SCIX;ARXIV,Q02_TESS_STELLAR_FLARE_PERIODICITY,BAII2H000067;BAII2H000088,BAIIV0086;BAIIV0087,BAIIV0087,BAIIV0087,PEER_REVIEWED,AUTO_EXACT_ARXIV;AUTO_EXACT_PROVIDER_RECORD,,RESOLVED,
BAIIW0055,BAII2H000068,"VizieR Online Data Catalog: Magnetic activity of radio stars (Wang+, 2024)","Wang, Y.; Zhang, L.; Su, T.; Han, X. L.; Misra, P.",2024-03-01,2026-03-23,,,2024yCat..36860164W,ADS_SCIX,Q02_TESS_STELLAR_FLARE_PERIODICITY;Q03_TESS_QPP_CATALOG,BAII2H000068;BAII2H000123,BAIIV0088,BAIIV0088,BAIIV0088,NOT_APPLICABLE,AUTO_EXACT_PROVIDER_RECORD,,RESOLVED,
BAIIW0056,BAII2H000069,Spottedness and Flare Activity of Solar-Type Stars with Exoplanets,"Savanov, I. S.",2025-04-01,2026-07-22,10.1134/s1063772925701768,,2025ARep...69..329S,ADS_SCIX,Q02_TESS_STELLAR_FLARE_PERIODICITY;Q03_TESS_QPP_CATALOG,BAII2H000069;BAII2H000115,BAIIV0089,BAIIV0089,BAIIV0089,PEER_REVIEWED,AUTO_EXACT_PROVIDER_RECORD,MANUAL_CONFIRMED_DISTINCT_WORKS,RESOLVED,
BAIIW0057,BAII2H000070,Linking Stellar Activity with Rotation Rates Through Gyrochronology,"McGinley, Cassandra; Oswalt, Terry; Lares Martiz, Mariel",2025-01-01,2026-03-23,,,2025AAS...24535218M,ADS_SCIX,Q02_TESS_STELLAR_FLARE_PERIODICITY;Q03_TESS_QPP_CATALOG,BAII2H000070;BAII2H000138,BAIIV0090,BAIIV0090,BAIIV0090,NOT_PEER_REVIEWED,AUTO_EXACT_PROVIDER_RECORD,,RESOLVED,
BAIIW0058,BAII2H000071,Oscillations and Magnetic Activity of Solar-Type Stars,"Lombardi, Christopher; Kosovichev, Alexander",2025-01-01,2026-03-23,,,2025AAS...24540321L,ADS_SCIX,Q02_TESS_STELLAR_FLARE_PERIODICITY,BAII2H000071,BAIIV0091,BAIIV0091,BAIIV0091,NOT_PEER_REVIEWED,AUTO_EXACT_PROVIDER_RECORD,,RESOLVED,
BAIIW0059,BAII2H000072,ESPEX: the Early Star and Planet Evolution Explorer mission concept,"Turner, Neal; MacGregor, Meredith; Cody, Ann Marie; Burt, Jennifer; Howard, Ward; Huber, Daniel; Venuti, Laura; Espex Team",2024-02-01,2026-03-23,,,2024AAS...24325928T,ADS_SCIX,Q02_TESS_STELLAR_FLARE_PERIODICITY,BAII2H000072,BAIIV0092,BAIIV0092,BAIIV0092,NOT_PEER_REVIEWED,AUTO_EXACT_PROVIDER_RECORD,,RESOLVED,
BAIIW0060,BAII2H000073,High-time resolution observations of optical / near-ultraviolet / X-ray emission from two recent M-dwarf multi-wavelength observation campaigns,"Notsu, Yuta; Hirzberger, Johann; Krivova, Natalie A.; Li, X.; Solanki, Sami K.; Calchetti, D.; Valori, G.; SO/PHI Team",2025-02-01,2026-03-23,,,2025ghh..confE..83N,ADS_SCIX,Q02_TESS_STELLAR_FLARE_PERIODICITY,BAII2H000073,BAIIV0093,BAIIV0093,BAIIV0093,NOT_PEER_REVIEWED,AUTO_EXACT_PROVIDER_RECORD,,RESOLVED,
BAIIW0061,BAII2H000074,The White-light Superflares from Cool Stars in GWAC Triggers,"Li, Guang-Wei; Wang, Liang; Yuan, Hai-Long; Xin, Li-Ping; Wang, Jing; Wu, Chao; Li, Hua-Li; Haerken, Hasitieer; Wang, Wei-Hua; Cai, Hong-Bo; Han, Xu-Hui; Xu, Yang; Huang, Lei; Lu, Xiao-Meng; Bai, Jian-Ying; Wang, Xiang-Yu; Dai, Zi-Gao; Liang, En-Wei; Wei, Jian-Yan",2024-07,2026-06-15,10.3847/1538-4357/ad55e8,,2024ApJ...971..114L,ADS_SCIX,Q02_TESS_STELLAR_FLARE_PERIODICITY;Q03_TESS_QPP_CATALOG,BAII2H000074;BAII2H000106,BAIIV0094;BAIIV0095,BAIIV0095,BAIIV0095,PEER_REVIEWED,AUTO_EXACT_PROVIDER_RECORD,,RESOLVED,
BAIIW0062,BAII2H000075,Detectability of Self-lensing Flares of White Dwarfs with Compact Companions,"Nir, Guy; Bloom, Joshua S.",2023-11,2026-06-15,10.3847/1538-4357/ad9398,,2025ApJ...978..169N,ADS_SCIX,Q02_TESS_STELLAR_FLARE_PERIODICITY;Q03_TESS_QPP_CATALOG,BAII2H000075;BAII2H000122,BAIIV0096;BAIIV0097,BAIIV0097,BAIIV0097,PEER_REVIEWED,AUTO_EXACT_PROVIDER_RECORD,,RESOLVED,
BAIIW0063,BAII2H000076,Searching for Rotational X-Ray Modulation on TIC 277539431,"Dsouza, Desmond; Poppenhäger, Katja; Ilin, Ekaterina",2026-02-10,2026-04-20,10.1002/asna.70085,,2026AN....34770085D,ADS_SCIX;ARXIV,Q02_TESS_STELLAR_FLARE_PERIODICITY,BAII2H000076;BAII2H000089,BAIIV0098;BAIIV0099,BAIIV0099,BAIIV0099,PEER_REVIEWED,AUTO_EXACT_ARXIV;AUTO_EXACT_DOI;AUTO_EXACT_PROVIDER_RECORD,,RESOLVED,
BAIIW0064,BAII2H000077,"Multi-Wavelength Observational Campaigns of a Young Sun-like Star, EK Dra: Radio and Optical Counterparts of Stellar Flares and Active Regions","Namekata, Kosuke; Airapetian, Vladimir; Villadsen, Jackie; Bastian, Timothy; Hamaguchi, Kenji",2026-02-01,2026-03-23,,,2026AAS...24742901N,ADS_SCIX,Q02_TESS_STELLAR_FLARE_PERIODICITY,BAII2H000077,BAIIV0100,BAIIV0100,BAIIV0100,NOT_PEER_REVIEWED,AUTO_EXACT_PROVIDER_RECORD,,RESOLVED,
BAIIW0065,BAII2H000078,Evolution of Flaring Activity with the Beta Pictoris and AB Doradus Moving Groups,"Ealy, Jordan; Schlieder, Joshua; Komacek, Thaddeus",2024-02-01,2026-03-23,,,2024AAS...24325908E,ADS_SCIX,Q02_TESS_STELLAR_FLARE_PERIODICITY;Q03_TESS_QPP_CATALOG,BAII2H000078;BAII2H000131,BAIIV0101,BAIIV0101,BAIIV0101,NOT_PEER_REVIEWED,AUTO_EXACT_PROVIDER_RECORD,,RESOLVED,
BAIIW0066,BAII2H000079,TESS Free-floating Planet Candidate Is Likely a Stellar Flare,Przemek Mroz,2024-04-25,2024-05-13,10.32023/0001-5237/73.4.1,,,ARXIV,Q02_TESS_STELLAR_FLARE_PERIODICITY,BAII2H000079,BAIIV0102;BAIIV0103,BAIIV0103,BAIIV0103,PUBLISHED_JOURNAL,AUTO_EXACT_PROVIDER_RECORD,,RESOLVED,
BAIIW0067,BAII2H000096,Rotational Variability and Detection of Superflares in a Young Brown Dwarf by TESS,"Kumbhakar, Rajib; Mondal, Soumen; Ghosh, Samrat; Ram, Diya; Pramanik, Sudip",2023-09,2026-06-15,10.25518/0037-9565.11722,,2024BSRSL..93..370K,ADS_SCIX,Q03_TESS_QPP_CATALOG,BAII2H000096,BAIIV0104;BAIIV0105,BAIIV0105,BAIIV0105,PEER_REVIEWED,AUTO_EXACT_PROVIDER_RECORD,,RESOLVED,
BAIIW0068,BAII2H000101,Dynamic Photometric Variability in Three Young Brown Dwarfs in Taurus: Detection of Optical Flares with TESS Data,"Ghosh, Samrat; Mondal, Soumen; Dutta, Somnath; Kumbhakar, Rajib; Das, Ramkrishna; Joshi, Santosh; Lata, Sneh",2025-02,2026-07-13,10.3847/1538-4357/ada955,,2025ApJ...981...75G,ADS_SCIX,Q03_TESS_QPP_CATALOG,BAII2H000101;BAII2H000126,BAIIV0106;BAIIV0107;BAIIV0108,BAIIV0108,BAIIV0108,PEER_REVIEWED,AUTO_EXACT_PROVIDER_RECORD,MANUAL_CONFIRMED_DISTINCT_WORKS;MANUAL_CONFIRMED_SAME_WORK,RESOLVED,
BAIIW0069,BAII2H000107,Rapid optical flare in the extreme teraelectronvolt blazar 1ES 0229+200 on intraday timescales with the Transiting Exoplanet Survey Satellite,"Kishore, S.; Gupta, A. C.; Wiita, P. J.; Tiwari, S. N.",2024-04-21,2026-06-15,10.1051/0004-6361/202449888,,2024A&A...690A.223K,ADS_SCIX;ARXIV,Q03_TESS_QPP_CATALOG,BAII2H000107;BAII2H000150,BAIIV0109;BAIIV0110,BAIIV0110,BAIIV0110,PEER_REVIEWED,AUTO_EXACT_ARXIV;AUTO_EXACT_PROVIDER_RECORD,MANUAL_CONFIRMED_DISTINCT_WORKS,RESOLVED,
BAIIW0070,BAII2H000112,Rapid Optical Flares in the Blazar OJ 287 on Intraday Timescales with TESS,"Kishore, Shubham; Gupta, Alok C.; Wiita, Paul J.",2023-11,2026-06-15,10.3847/1538-4357/ad0b80,,2024ApJ...960...11K,ADS_SCIX,Q03_TESS_QPP_CATALOG,BAII2H000112,BAIIV0111;BAIIV0112,BAIIV0112,BAIIV0112,PEER_REVIEWED,AUTO_EXACT_PROVIDER_RECORD,MANUAL_CONFIRMED_DISTINCT_WORKS,RESOLVED,
BAIIW0071,BAII2H000116,Searching for Stellar Activity Cycles using Flares II: The TESS CVZ,"Wainer, Tobin M.; Stuart, Holland M.; Tovar Mendoza, Guadalupe; Casey, Andrew R.; Wagg, Tom; Davenport, James R. A.",2026-07-01,2026-07-16,,2607.12883,2026arXiv260712883W,ADS_SCIX,Q03_TESS_QPP_CATALOG,BAII2H000116,BAIIV0113,BAIIV0113,BAIIV0113,PREPRINT,AUTO_EXACT_PROVIDER_RECORD,,RESOLVED,
BAIIW0072,BAII2H000118,Photometric Variability of Low Mass Stars and Brown Dwarfs in IC 348 and Taurus Star-Forming Regions,"Ghosh, Samrat; Mondal, Soumen; Joshi, Santosh; Lata, Sneh; Kumbhakar, Rajib",2024-01,2026-06-15,10.25518/0037-9565.11817,,2024BSRSL..93..623G,ADS_SCIX,Q03_TESS_QPP_CATALOG,BAII2H000118,BAIIV0114;BAIIV0115,BAIIV0115,BAIIV0115,PEER_REVIEWED,AUTO_EXACT_PROVIDER_RECORD,MANUAL_CONFIRMED_DISTINCT_WORKS,RESOLVED,
BAIIW0073,BAII2H000119,New variable stars from TESS sector 93,"Yatsiuk, M.; Dzygunenko, A.; Semyriako, I.; Liashenko, K.; Baransky, A.; Cagle, D.; Lazarieva, A.; Chumachenko, M.; Lykholat, O.; Rudenko, A.",2026-06-01,2026-07-13,10.5817/oejv2026-0271,,2026OEJV..271....1Y,ADS_SCIX,Q03_TESS_QPP_CATALOG,BAII2H000119,BAIIV0116,BAIIV0116,BAIIV0116,PEER_REVIEWED,AUTO_EXACT_PROVIDER_RECORD,,RESOLVED,
BAIIW0074,BAII2H000120,Variability Survey of the Cepheus Flare Star Forming Region Using TESS Light Curves,"Scheller, Nena; Zwintz, Konstanze",2025-10-01,2026-03-23,,,2025tasc.confE.125S,ADS_SCIX,Q03_TESS_QPP_CATALOG,BAII2H000120,BAIIV0117,BAIIV0117,BAIIV0117,NOT_PEER_REVIEWED,AUTO_EXACT_PROVIDER_RECORD,,RESOLVED,
BAIIW0075,BAII2H000127,KIC 6464285: A Solar-type Eclipsing Binary in a Hierarchical Triple System with Quasiperiodic Out-of-eclipse Modulations,"Meng, Fang-Bin; Zhu, Li-Ying; Qian, Sheng-Bang; Asfandiyarov, Ildar; Matekov, Azizbek; Baltamuratov, Jaqsiliq; Liao, Wen-Ping; Luo, A.-Li; Hou, Wen; Li, Ping; Li, Lin-Jia; Zhao, Er-Gang; He, Jia-Jia",2026-06-01,2026-07-27,10.3847/1538-4357/ae677e,,2026ApJ..1003..133M,ADS_SCIX,Q03_TESS_QPP_CATALOG,BAII2H000127,BAIIV0118;BAIIV0119,BAIIV0118,BAIIV0118,PEER_REVIEWED,AUTO_EXACT_PROVIDER_RECORD,,RESOLVED,
BAIIW0076,BAII2H000128,Solar-type Activities and Brightness Variations in Three Binary Star Systems,"Boneva, D.; Yankova, K.; Dimitrov, W.",2025-06-01,2026-03-23,,,2025simi.conf..193B,ADS_SCIX,Q03_TESS_QPP_CATALOG,BAII2H000128,BAIIV0120,BAIIV0120,BAIIV0120,NOT_PEER_REVIEWED,AUTO_EXACT_PROVIDER_RECORD,,RESOLVED,
BAIIW0077,BAII2H000129,Detection of quasiperiodic oscillations in the blazar PKS 0735+178 with TESS,"Kishore, Shubham; Gupta, Alok C.; Wiita, Paul J.; Mondal, Sandeep K.; Vivek, M.",2026-07,2026-08-04,10.1093/mnras/stag1284,,2026MNRAS.550g1284K,ADS_SCIX,Q03_TESS_QPP_CATALOG,BAII2H000129,BAIIV0121;BAIIV0122,BAIIV0122,BAIIV0122,PEER_REVIEWED,AUTO_EXACT_PROVIDER_RECORD,,RESOLVED,
BAIIW0078,BAII2H000130,An Anomalous Symmetric Flare Observed in the Single-lined Spectroscopic Binary TIC 380907942: Assessing Self-lensing and Alternative Hypotheses,"Sorabella, Nicholas M.; Laycock, Silas G. T.; Daylan, Tansu; Scott, Bailey; Christodoulou, Dimitris M.; Bhattacharya, Sayantan",2026-01-01,2026-06-08,10.3847/1538-4357/ae25f8,,2026ApJ...997....3S,ADS_SCIX,Q03_TESS_QPP_CATALOG,BAII2H000130,BAIIV0123,BAIIV0123,BAIIV0123,PEER_REVIEWED,AUTO_EXACT_PROVIDER_RECORD,,RESOLVED,
BAIIW0079,BAII2H000132,Physical Parameters and Chromospheric Activity of Eclipsing Binaries Observed by the LAMOST DR10 Survey,"Shi, Ansong; Zhang, Li-yun; Su, Tianhao; Wang, Yinpeng; An, Qi; Han, Xianming L.; Misra, Prabhakar; Jiang, Linyan; Guo, Rui; Pi, Qingfeng",2025-09-01,2026-07-07,10.3847/1538-4365/adf329,,2025ApJS..280...26S,ADS_SCIX,Q03_TESS_QPP_CATALOG,BAII2H000132,BAIIV0124,BAIIV0124,BAIIV0124,PEER_REVIEWED,AUTO_EXACT_PROVIDER_RECORD,,RESOLVED,
BAIIW0080,BAII2H000133,Transitions in magnetic behavior at the substellar boundary,"Magaudda, E.; Stelzer, B.; Osten, R. A.; Pineda, J. S.; Raetz, St.; McKay, M.",2024-01,2026-06-15,10.1051/0004-6361/202449403,,2024A&A...687A..95M,ADS_SCIX,Q03_TESS_QPP_CATALOG,BAII2H000133,BAIIV0125;BAIIV0126,BAIIV0126,BAIIV0126,PEER_REVIEWED,AUTO_EXACT_PROVIDER_RECORD,,RESOLVED,
BAIIW0081,BAII2H000134,Astrometry and Precise Radial Velocities Yield a Complete Orbital Solution for the Nearby Eccentric Brown Dwarf LHS 1610 b,"Fitzmaurice, Evan; Stefánsson, Guđmundur; Kavanagh, Robert D.; Mahadevan, Suvrath; Cañas, Caleb I.; Winn, Joshua N.; Robertson, Paul; Ninan, Joe P.; Albrecht, Simon; Callingham, J. R.; Cochran, William D.; Delamer, Megan; Ford, Eric B.; Kanodia, Shubham; Lin, Andrea S. J.; Marcussen, Marcus L.; Pope, Benjamin J. S.; Ramsey, Lawrence W.; Roy, Arpita; Vedantham, Harish; Wright, Jason T.",2023-10,2026-06-15,10.3847/1538-3881/ad57be,,2024AJ....168..140F,ADS_SCIX,Q03_TESS_QPP_CATALOG,BAII2H000134,BAIIV0127;BAIIV0128,BAIIV0128,BAIIV0128,PEER_REVIEWED,AUTO_EXACT_PROVIDER_RECORD,,RESOLVED,
BAIIW0082,BAII2H000135,Quantifying the Effect of Short-timescale Stellar Activity Upon Transit Detection in M Dwarfs,"Yaptangco, Dana Clarice; Ballard, Sarah; Dittmann, Jason; Albornoz, Mariangel",2024-02,2026-06-15,10.3847/1538-3881/ada898,,2025AJ....169..153Y,ADS_SCIX,Q03_TESS_QPP_CATALOG,BAII2H000135,BAIIV0129;BAIIV0130,BAIIV0130,BAIIV0130,PEER_REVIEWED,AUTO_EXACT_PROVIDER_RECORD,,RESOLVED,
BAIIW0083,BAII2H000136,KM UMa: An Active Short-period Detached Eclipsing Binary in a Hierarchical Quadruple System,"Meng, Fangbin; Zhu, Liying; Liu, Nianping; Li, Ping; Zhang, Jia; Li, Linjia; Matekov, Azizbek",2024-10,2026-06-15,10.3847/1538-4357/ad6df7,,2024ApJ...974..103M,ADS_SCIX,Q03_TESS_QPP_CATALOG,BAII2H000136,BAIIV0131;BAIIV0132,BAIIV0132,BAIIV0132,PEER_REVIEWED,AUTO_EXACT_PROVIDER_RECORD,,RESOLVED,
BAIIW0084,BAII2H000137,Comparing the Sun to Sun-like stars: The importance of addressing facular and/or spot domination,"Herbst, Konstantin; Amazo-Gómez, Eliana M.; Papaioannou, Athanasios",2025-04,2026-03-23,10.1051/0004-6361/202452999,,2025A&A...697A..80H,ADS_SCIX,Q03_TESS_QPP_CATALOG,BAII2H000137,BAIIV0133;BAIIV0134,BAIIV0134,BAIIV0134,PEER_REVIEWED,AUTO_EXACT_PROVIDER_RECORD,,RESOLVED,
BAIIW0085,BAII2H000139,Active Young Stars in the LAMOST─Kepler Survey,"Xu, FuKun; Gu, Shenghong; Xiang, Yue",2025-12-01,2026-06-08,10.3847/1538-4365/ae1461,,2025ApJS..281...39X,ADS_SCIX,Q03_TESS_QPP_CATALOG,BAII2H000139,BAIIV0135,BAIIV0135,BAIIV0135,PEER_REVIEWED,AUTO_EXACT_PROVIDER_RECORD,,RESOLVED,
BAIIW0086,BAII2H000140,Short and long term spot evolution on EI Eri,"Kriskovics, L.; Kövári, Zs.; Seli, B.; Oláh, K.; Vida, K.; Henry, G. W.; Granzer, T.; Görgei, A.",2024-12-01,2026-03-23,,,2024IAUS..365...70K,ADS_SCIX,Q03_TESS_QPP_CATALOG,BAII2H000140,BAIIV0136,BAIIV0136,BAIIV0136,NOT_PEER_REVIEWED,AUTO_EXACT_PROVIDER_RECORD,,RESOLVED,
BAIIW0087,BAII2H000141,Rotationally Modulated Highly Circularly Polarized Radio Pulses from the Rapidly Rotating M Dwarf ASKAP J181335−604720,"Wang, Shouzhi; Jiang, Biwei; Huang, Qichen; Huang, Shaoteng; Nie, Jundan",2026-05,2026-08-07,10.3847/2041-8213/ae6ef6,,2026ApJ..1003L..48W,ADS_SCIX,Q03_TESS_QPP_CATALOG,BAII2H000141,BAIIV0137;BAIIV0138,BAIIV0138,BAIIV0138,PEER_REVIEWED,AUTO_EXACT_PROVIDER_RECORD,,RESOLVED,
BAIIW0088,BAII2H000142,Stellar Age Inference with Rotation (+ Activity?),"Van-Lane, Phil; Speagle, Joshua Shen; Eadie, Gwendolyn; Douglas, Stephanie T.; Cloutier, Ryan; Cargile, Phillip; Zucker, Catherine; Lu, Yuxi; Angus, Ruth",2025-10-01,2026-03-23,,,2025tasc.confE..21V,ADS_SCIX,Q03_TESS_QPP_CATALOG,BAII2H000142,BAIIV0139,BAIIV0139,BAIIV0139,NOT_PEER_REVIEWED,AUTO_EXACT_PROVIDER_RECORD,,RESOLVED,
BAIIW0089,BAII2H000143,Optical variability of the blazar 3C 371: From minute to year timescales,"Otero-Santos, J.; Raiteri, C. M.; Acosta-Pulido, J. A.; Carnerero, M. I.; Villata, M.; Savchenko, S. S.; Carosati, D.; Chen, W. P.; Kurtanidze, S. O.; Joner, M. D.; Semkov, E.; Pursimo, T.; Benítez, E.; Damljanovic, G.; Apolonio, G.; Borman, G. A.; Bozhilov, V.; Galindo-Guil, F. J.; Grishina, T. S.; Hagen-Thorn, V. A.; Hiriart, D.; Hsiao, H. Y.; Ibryamov, S.; Ivanidze, R. Z.; Kimeridze, G. N.; Kopatskaya, E. N.; Kurtanidze, O. M.; Larionov, V. M.; Larionova, E. G.; Larionova, L. V.; Minev, M.; Morozova, D. A.; Nikolashvili, M. G.; Ovcharov, E.; Sigua, L. A.; Stojanovic, M.; Troitskiy, I. S.; Troitskaya, Yu. V.; Tsai, A.; Valcheva, A.; Vasilyev, A. A.; Vince, O.; Zaharieva, E.; Zhovtan, A. V.",2024-03,2026-06-15,10.1051/0004-6361/202449647,,2024A&A...686A.228O,ADS_SCIX,Q03_TESS_QPP_CATALOG,BAII2H000143,BAIIV0140;BAIIV0141,BAIIV0141,BAIIV0141,PEER_REVIEWED,AUTO_EXACT_PROVIDER_RECORD,,RESOLVED,
BAIIW0090,BAII2H000144,Study of Activity Manifestations in K8V Dwarf FR Cnc,"Savanov, I. S.",2024-06-01,2026-07-22,10.1134/s199034132460042x,,2024AstBu..79..275S,ADS_SCIX,Q03_TESS_QPP_CATALOG,BAII2H000144,BAIIV0142,BAIIV0142,BAIIV0142,PEER_REVIEWED,AUTO_EXACT_PROVIDER_RECORD,,RESOLVED,
BAIIW0091,BAII2H000145,Short-term Magnetic Fields Activity on M-type Cool Stars And Its Effect on Exoplanet Detection,"Garcia Soto, Aylin; Newton, Elisabeth; Rackham, Benjamin; Rampalli, Rayna",2026-02-01,2026-03-23,,,2026AAS...24743003G,ADS_SCIX,Q03_TESS_QPP_CATALOG,BAII2H000145,BAIIV0143,BAIIV0143,BAIIV0143,NOT_PEER_REVIEWED,AUTO_EXACT_PROVIDER_RECORD,,RESOLVED,
BAIIW0092,BAII2H000146,K 1-6 is a photoionised ISM nebula shaped by a fast-moving hot white dwarf in a triple system,"Merc, Jaroslav; Jones, David; Escorza, Ana; Boffin, Henri M. J.; Reindl, Nicole; Abdul-Masih, Michael; Masseron, Thomas; Sowicka, Paulina; Kára, Jan; García-Rojas, Jorge; García, Rafael A.; Palakkatharappil, Dinil B.; Parker, Quentin A.; Zijlstra, Albert A.; Godoy-Rivera, Diego; Beck, Paul G.; Mathur, Savita; Armas Padilla, Montserrat; Muñoz Darias, Teo; Kučáková, Hana; Wolf, Marek; Hornoch, Kamil; Zasche, Petr; Clavero, Rosa; Goodhew, Peter",2026-07-01,2026-07-26,,2607.12850,2026arXiv260712850M,ADS_SCIX,Q03_TESS_QPP_CATALOG,BAII2H000146,BAIIV0144,BAIIV0144,BAIIV0144,PREPRINT,AUTO_EXACT_PROVIDER_RECORD,,RESOLVED,
BAIIW0093,BAII2H000147,Collaborative Research: WoU-MMA: ASAS-SN in the Era of Multi-Messenger Astrophysics,"Stanek, Krzysztof Z; Kochanek, Christopher S",2024-08-01,2026-03-23,,,2024nsf....2407206S,ADS_SCIX,Q03_TESS_QPP_CATALOG,BAII2H000147,BAIIV0145,BAIIV0145,BAIIV0145,NOT_APPLICABLE,AUTO_EXACT_PROVIDER_RECORD,MANUAL_CONFIRMED_DISTINCT_WORKS,RESOLVED,
BAIIW0094,BAII2H000148,Collaborative Research: WoU-MMA: ASAS-SN in the Era of Multi-Messenger Astrophysics,"Shappee, Benjamin",2024-08-01,2026-03-23,,,2024nsf....2407205S,ADS_SCIX,Q03_TESS_QPP_CATALOG,BAII2H000148,BAIIV0146,BAIIV0146,BAIIV0146,NOT_APPLICABLE,AUTO_EXACT_PROVIDER_RECORD,MANUAL_CONFIRMED_DISTINCT_WORKS,RESOLVED,
BAIIW0095,BAII2H000153,Quasi-Periodic Pulsations in Ionospheric TEC Synchronized With Solar Flare EUV Emission,"O'Hare, Aisling N.; Bekker, Susanna; Hayes, Laura A.; Milligan, Ryan O.",2025-02-01,2026-06-15,10.1029/2024ja033493,,2025JGRA..13033493O,ADS_SCIX;ARXIV,Q04_QPP_DETECTION_METHOD,BAII2H000153;BAII2H000181;BAII2H000221,BAIIV0147;BAIIV0148;BAIIV0149,BAIIV0148,BAIIV0148,PEER_REVIEWED,AUTO_EXACT_ARXIV;AUTO_EXACT_DOI;AUTO_EXACT_PROVIDER_RECORD,MANUAL_CONFIRMED_SAME_WORK,RESOLVED,
BAIIW0096,BAII2H000154,Localizing short-period pulsations in hard X-rays and γ-rays during an X9.0 flare,"Li, Dong",2025-02-01,2026-06-15,10.1051/0004-6361/202453613,,2025A&A...695L...4L,ADS_SCIX;ARXIV,Q04_QPP_DETECTION_METHOD,BAII2H000154;BAII2H000229,BAIIV0150;BAIIV0151,BAIIV0150,BAIIV0150,PEER_REVIEWED,AUTO_EXACT_ARXIV;AUTO_EXACT_DOI;AUTO_EXACT_PROVIDER_RECORD,MANUAL_CONFIRMED_DISTINCT_WORKS,RESOLVED,
BAIIW0097,BAII2H000155,Exploring the Origin of Multi-Periodic Pulsations During a White-Light Flare,"Li, Dong; Yuan, Ding; Yan, Jingye; Zhao, Xinhua; Wu, Zhao; Wang, Jincheng; Hou, Zhenyong; Li, Chuan; Zhao, Haisheng; Fu, Libo; Wu, Lin; Deng, Li",2025-04-01,2026-06-18,10.1029/2025ja033772,,2025JGRA..13033772L,ADS_SCIX;ARXIV,Q04_QPP_DETECTION_METHOD,BAII2H000155;BAII2H000183;BAII2H000233,BAIIV0152;BAIIV0153;BAIIV0154,BAIIV0152,BAIIV0152,PEER_REVIEWED,AUTO_EXACT_ARXIV;AUTO_EXACT_DOI;AUTO_EXACT_PROVIDER_RECORD,MANUAL_CONFIRMED_DISTINCT_WORKS;MANUAL_CONFIRMED_SAME_WORK,RESOLVED,
BAIIW0098,BAII2H000156,Detecting Quasiperiodic Pulsations in Solar and Stellar Flares with a Neural Network,"Belov, Sergey A.; Kolotkov, Dmitrii Y.; Nakariakov, Valery M.; Broomhall, Anne-Marie",2024-08-09,2026-07-07,10.3847/1538-4365/ad6f98,,2024ApJS..274...31B,ADS_SCIX;ARXIV,Q04_QPP_DETECTION_METHOD,BAII2H000156;BAII2H000217,BAIIV0155;BAIIV0156,BAIIV0156,BAIIV0156,PEER_REVIEWED,AUTO_EXACT_ARXIV;AUTO_EXACT_PROVIDER_RECORD,MANUAL_CONFIRMED_DISTINCT_WORKS,RESOLVED,
BAIIW0099,BAII2H000157,Quasi-periodic pulsations in extreme-ultraviolet brightenings,"Lim, Daye; Van Doorsselaere, Tom; Berghmans, David; Hayes, Laura A.; Verbeeck, Cis; Narang, Nancy; Dominique, Marie; Inglis, Andrew R.",2025-04-21,2026-06-15,10.1051/0004-6361/202554587,,2025A&A...698A..65L,ADS_SCIX;ARXIV,Q04_QPP_DETECTION_METHOD,BAII2H000157;BAII2H000226,BAIIV0157;BAIIV0158,BAIIV0158,BAIIV0158,PEER_REVIEWED,AUTO_EXACT_ARXIV;AUTO_EXACT_DOI;AUTO_EXACT_PROVIDER_RECORD,MANUAL_CONFIRMED_DISTINCT_WORKS,RESOLVED,
BAIIW0100,BAII2H000159,Accessing the fine temporal scale of EUV brightenings and their quasi-periodic pulsations: 1-second cadence observations by Solar Orbiter/EUI,"Lim, Daye; Van Doorsselaere, Tom; Narang, Nancy; Hayes, Laura A.; Kraaikamp, Emil; Joshi, Aadish; Loumou, Konstantina; Verbeeck, Cis; Berghmans, David; Barczynski, Krzysztof",2025-10-07,2026-06-15,10.1051/0004-6361/202557135,,2025A&A...704A..58L,ADS_SCIX;ARXIV,Q04_QPP_DETECTION_METHOD,BAII2H000159;BAII2H000230,BAIIV0159;BAIIV0160,BAIIV0160,BAIIV0160,PEER_REVIEWED,AUTO_EXACT_ARXIV;AUTO_EXACT_DOI;AUTO_EXACT_PROVIDER_RECORD,MANUAL_CONFIRMED_DISTINCT_WORKS,RESOLVED,
BAIIW0101,BAII2H000161,Very Long-periodic Pulsations Detected Simultaneously in a White-light Flare and Sunspot Penumbra,"Li, Dong; Wang, Jincheng; Huang, Yu",2024-08-28,2026-08-07,10.3847/2041-8213/ad6cde,,2024ApJ...972L...2L,ADS_SCIX;ARXIV,Q04_QPP_DETECTION_METHOD,BAII2H000161;BAII2H000234,BAIIV0161;BAIIV0162,BAIIV0162,BAIIV0162,PEER_REVIEWED,AUTO_EXACT_ARXIV;AUTO_EXACT_DOI;AUTO_EXACT_PROVIDER_RECORD,MANUAL_CONFIRMED_DISTINCT_WORKS,RESOLVED,
BAIIW0102,BAII2H000163,M dwarfs quasi-periodic pulsations at a time resolution of 1 s,"Panferov, Alexander; Beskin, Grigory; Karpov, Sergey; Maryeva, Olga",2024-12-01,2026-06-15,,2412.07580,2024arXiv241207580P,ADS_SCIX;ARXIV,Q04_QPP_DETECTION_METHOD,BAII2H000163;BAII2H000223,BAIIV0163,BAIIV0163,BAIIV0163,PREPRINT,AUTO_EXACT_ARXIV;AUTO_EXACT_PROVIDER_RECORD,MANUAL_CONFIRMED_DISTINCT_WORKS,RESOLVED,
BAIIW0103,BAII2H000165,Detecting fast-variation pulsations in solar hard X-ray and radio emissions,"Li, Dong",2025-06-17,2026-04-06,10.1093/mnrasl/slaf066,,2025MNRAS.542L..48L,ADS_SCIX;ARXIV,Q04_QPP_DETECTION_METHOD,BAII2H000165;BAII2H000238,BAIIV0164;BAIIV0165,BAIIV0165,BAIIV0165,PEER_REVIEWED,AUTO_EXACT_ARXIV;AUTO_EXACT_DOI;AUTO_EXACT_PROVIDER_RECORD,,RESOLVED,
BAIIW0104,BAII2H000166,Statistical investigation of solar flares showing quasi-periodicity based on STIX quick-look light curves,"Szaforz, Ż.; Mrozek, T.; Tomczak, M.",2024-04-01,2026-06-18,10.1051/0004-6361/202452046,,2025A&A...694A.251S,ADS_SCIX,Q04_QPP_DETECTION_METHOD,BAII2H000166;BAII2H000188,BAIIV0166;BAIIV0167,BAIIV0167,BAIIV0167,PEER_REVIEWED,AUTO_EXACT_PROVIDER_RECORD,MANUAL_CONFIRMED_SAME_WORK,RESOLVED,
BAIIW0105,BAII2H000167,Quasi-Periodic Pulsations and Coronal Loops Oscillations in an M-Class Solar Flare,"Han, Yijie; Ning, Zongjun; Li, Dong; Yang, Yuzhi; Tang, Xiaoyu; Song, Yuxiang; Xu, Guotianci; Gao, Mingbao; Li, Kangyi; Huang, Yu",2026-05-01,2026-07-22,10.1007/s11207-026-02663-9,,2026SoPh..301...72H,ADS_SCIX,Q04_QPP_DETECTION_METHOD,BAII2H000167,BAIIV0168,BAIIV0168,BAIIV0168,PEER_REVIEWED,AUTO_EXACT_PROVIDER_RECORD,,RESOLVED,
BAIIW0106,BAII2H000168,Phase-drifting with emitting plasma temperature in the quasi-periodic pulsations of an X-class solar flare,"Fu, Libo; Nakariakov, Valery M.; Yuan, Ding; Sahu, Suraj; Feng, Song; Tavabi, Ehsan",2026-06-01,2026-06-11,,2606.10506,2026arXiv260610506F,ADS_SCIX;ARXIV,Q04_QPP_DETECTION_METHOD,BAII2H000168;BAII2H000225,BAIIV0169,BAIIV0169,BAIIV0169,PREPRINT,AUTO_EXACT_ARXIV;AUTO_EXACT_PROVIDER_RECORD,,RESOLVED,
BAIIW0107,BAII2H000169,Inferring Fundamental Properties of the Flare Current Sheet Using Flare Ribbons: Oscillations in the Reconnection Flux Rates,"Corchado Albelo, Marcel F.; Kazachenko, Maria D.; Lynch, Benjamin J.",2024-02-05,2026-06-15,10.3847/1538-4357/ad25f4,,2024ApJ...965...16C,ADS_SCIX;ARXIV,Q04_QPP_DETECTION_METHOD,BAII2H000169;BAII2H000236,BAIIV0170;BAIIV0171,BAIIV0171,BAIIV0171,PEER_REVIEWED,AUTO_EXACT_ARXIV;AUTO_EXACT_PROVIDER_RECORD,,RESOLVED,
BAIIW0108,BAII2H000170,Observation of a Helioseismically Active Solar Flare with a Low Hard X-ray Flux up to 50 keV,"Sharykin, I. N.; Zimovets, I. V.; Kosovichev, A. G.; Myshyakov, I. I.",2024-03-01,2026-07-22,10.1134/s1063773724700026,,2024AstL...50..203S,ADS_SCIX,Q04_QPP_DETECTION_METHOD,BAII2H000170,BAIIV0172,BAIIV0172,BAIIV0172,PEER_REVIEWED,AUTO_EXACT_PROVIDER_RECORD,,RESOLVED,
BAIIW0109,BAII2H000171,"Localizing Quasiperiodic Pulsations in Hard X-Ray, Microwave, and Lyα Emissions of an X6.4 Flare","Li, Dong; Hong, Zhenxiang; Hou, Zhenyong; Su, Yang",2024-07-01,2026-06-15,10.3847/1538-4357/ad566c,,2024ApJ...970...77L,ADS_SCIX;ARXIV,Q04_QPP_DETECTION_METHOD,BAII2H000171;BAII2H000220,BAIIV0173;BAIIV0174,BAIIV0173,BAIIV0173,PEER_REVIEWED,AUTO_EXACT_ARXIV;AUTO_EXACT_DOI;AUTO_EXACT_PROVIDER_RECORD,MANUAL_CONFIRMED_DISTINCT_WORKS,RESOLVED,
BAIIW0110,BAII2H000172,Sub-second cadence structure of optical flares on AD Leo,"Schmercz, B.; Seli, B.; Vida, K.; Kriskovics, L.; Görgei, A.; Oláh, K.; Regály, Zs.",2026-01-01,2026-06-22,10.1051/0004-6361/202558208,,2026A&A...708A.225S,ADS_SCIX;ARXIV,Q04_QPP_DETECTION_METHOD;Q05_INJECTION_RECOVERY_SELECTION,BAII2H000172;BAII2H000237;BAII2H000289,BAIIV0175;BAIIV0176;BAIIV0177,BAIIV0177,BAIIV0177,PEER_REVIEWED,AUTO_EXACT_ARXIV;AUTO_EXACT_PROVIDER_RECORD,MANUAL_CONFIRMED_SAME_WORK,RESOLVED,
BAIIW0111,BAII2H000173,Evolution of Non-Stationary Quasi-Periodic Pulsations in Solar Flares with Aditya-L1/HEL1OS and GOES,"Paavan Tadepalli, Srikar; Srivastava, Abhishekh Kumar; Sankarasubramanian, K.",2026-07-01,2026-07-10,,2607.05526,2026arXiv260705526P,ADS_SCIX;ARXIV,Q04_QPP_DETECTION_METHOD,BAII2H000173;BAII2H000231,BAIIV0178,BAIIV0178,BAIIV0178,PREPRINT,AUTO_EXACT_ARXIV;AUTO_EXACT_PROVIDER_RECORD,,RESOLVED,
BAIIW0112,BAII2H000175,The Study of Quasi-Periodic Pulsations in Solar and Stellar Flares with SKA,"Nakariakov, Valery M.; Mohan, Atul; Upendran, Vishal; Monsue, Teresa; Reid, Hamish A. S.; Kolotkov, Dmitrii Y.; Belov, Sergey A.; Cho, Kyung-Suk",2026-07-01,2026-08-01,,2607.27950,2026arXiv260727950N,ADS_SCIX;ARXIV,Q04_QPP_DETECTION_METHOD;Q05_INJECTION_RECOVERY_SELECTION,BAII2H000175;BAII2H000218;BAII2H000264,BAIIV0179,BAIIV0179,BAIIV0179,PREPRINT,AUTO_EXACT_ARXIV;AUTO_EXACT_PROVIDER_RECORD,MANUAL_CONFIRMED_DISTINCT_WORKS,RESOLVED,
BAIIW0113,BAII2H000176,Unveiling Spatiotemporal Properties of the Quasi-periodic Pulsations in the Balmer Continuum at 3600 A in an X-class Solar White-light Flare,"Song, De-Chao",2025-02-01,2026-03-23,,,2025ghh..confP.167S,ADS_SCIX,Q04_QPP_DETECTION_METHOD,BAII2H000176,BAIIV0180,BAIIV0180,BAIIV0180,NOT_PEER_REVIEWED,AUTO_EXACT_PROVIDER_RECORD,,RESOLVED,
BAIIW0114,BAII2H000177,Quasiperiodic Pulsations and Three-dimensional Magnetic Reconnection during 2022 March 31 Flare Observed by IRIS and STIX,"Lörinčík, Juraj; Collier, Hannah; Polito, Vanessa; Hayes, Laura A.; Ashfield, William H., IV; Freij, Nabil",2026-04-19,2026-06-30,10.3847/1538-4357/ae61ad,,2026ApJ..1003...95L,ADS_SCIX;ARXIV,Q04_QPP_DETECTION_METHOD,BAII2H000177;BAII2H000228,BAIIV0181;BAIIV0182,BAIIV0182,BAIIV0182,PEER_REVIEWED,AUTO_EXACT_ARXIV;AUTO_EXACT_PROVIDER_RECORD,,RESOLVED,
BAIIW0115,BAII2H000178,Establishing Baselines for Six Short-period δ Scuti Variables,"Suggs, Christiana Z.; Hintz, Eric G.; Stephens, Denise C.",2024-08-01,2026-03-23,10.3847/1538-3881/ad5a81,,2024AJ....168...94S,ADS_SCIX,Q04_QPP_DETECTION_METHOD,BAII2H000178,BAIIV0183,BAIIV0183,BAIIV0183,PEER_REVIEWED,AUTO_EXACT_PROVIDER_RECORD,,RESOLVED,
BAIIW0116,BAII2H000179,Multimode Quasiperiodic Pulsations in Extreme-ultraviolet Emissions Associated with an X-Class Solar Flare,"Kanaujiya, Sachin Rajkapoor; Maurya, Ram Ajor; Nakariakov, Valery M.",2026-05-01,2026-06-15,10.3847/1538-4357/ae650f,,2026ApJ..1003...78K,ADS_SCIX,Q04_QPP_DETECTION_METHOD,BAII2H000179,BAIIV0184,BAIIV0184,BAIIV0184,PEER_REVIEWED,AUTO_EXACT_PROVIDER_RECORD,,RESOLVED,
BAIIW0117,BAII2H000180,Quasi-periodic Pulsations in an M4.2 Flare: Insights from High-Cadence and High-Resolution Observations,"Ashfield, William; Polito, Vanessa; Lorincik, Juraj; Thoen Faber, Jonas; De Pontieu, Bart",2024-12-01,2026-03-23,,,2024AGUFMSH13C2934A,ADS_SCIX,Q04_QPP_DETECTION_METHOD,BAII2H000180,BAIIV0185,BAIIV0185,BAIIV0185,NOT_PEER_REVIEWED,AUTO_EXACT_PROVIDER_RECORD,,RESOLVED,
BAIIW0118,BAII2H000186,Applications of the Irbene Single-Baseline Radio Interferometer,"Shmeld, Ivar; Bezrukovs, Vladislavs; Šteinbergs, Jānis; Šķirmante, Karina; Aberfelds, Artis; Belov, Sergey A.; Burns, Ross A.; Kolotkov, Dmitrii Y.; Nakariakov, Valery M.; Bezrukovs, Dmitrijs; Purviņš, Matīss; Kalniņa, Aija; Orbidans, Arturs; Bleiders, Marcis; Konuhova, Marina",2025-11-01,2026-05-11,10.3390/galaxies13060126,,2025Galax..13..126S,ADS_SCIX,Q04_QPP_DETECTION_METHOD,BAII2H000186,BAIIV0186,BAIIV0186,BAIIV0186,PEER_REVIEWED,AUTO_EXACT_PROVIDER_RECORD,,RESOLVED,
BAIIW0119,BAII2H000187,Double-periodic pulsations simultaneously detected in mid-infrared and hard X-ray emissions during an X1.5 flare,"Li, Dong; Ye, Yuyang; Bai, Xianyong; Yang, Xu",2026-07-01,2026-07-10,,2607.07442,2026arXiv260707442L,ADS_SCIX;ARXIV,Q04_QPP_DETECTION_METHOD,BAII2H000187;BAII2H000232,BAIIV0187,BAIIV0187,BAIIV0187,PREPRINT,AUTO_EXACT_ARXIV;AUTO_EXACT_PROVIDER_RECORD,MANUAL_CONFIRMED_DISTINCT_WORKS,RESOLVED,
BAIIW0120,BAII2H000189,Gravitational Influence from Planets on the Measured Rates of Period Change of Pulsating White Dwarfs,"Yao, Ling Xuan; Bell, Keaton J.; Dublin, Andrew",2025-08,2026-06-08,10.3847/1538-4357/adfb66,,2025ApJ...991..168Y,ADS_SCIX,Q04_QPP_DETECTION_METHOD,BAII2H000189,BAIIV0188;BAIIV0189,BAIIV0189,BAIIV0189,PEER_REVIEWED,AUTO_EXACT_PROVIDER_RECORD,,RESOLVED,
BAIIW0121,BAII2H000191,Data Exploration in Search of Small Pulsations in Solar X-Ray Flares with the Hinode/X-ray Telescope (XRT),"Perez, Evan; Suarez, Crisel; Moore, Christopher Samuel",2024-12-01,2026-03-23,,,2024AGUFMSH13E2963P,ADS_SCIX,Q04_QPP_DETECTION_METHOD,BAII2H000191,BAIIV0190,BAIIV0190,BAIIV0190,NOT_PEER_REVIEWED,AUTO_EXACT_PROVIDER_RECORD,,RESOLVED,
BAIIW0122,BAII2H000192,Recurrent Coronal Jets and QPPs: Periodic Reconnection and Localized Heating Across Quiet-Sun to Active Regions,"Mishra, Sudheer K.; Sangal, Kartika; Singh, Balveer; Asai, Ayumi; Srivastava, A. K.; Yuan, Ding",2026-06-01,2026-06-09,,2606.04732,2026arXiv260604732M,ADS_SCIX;ARXIV,Q04_QPP_DETECTION_METHOD,BAII2H000192;BAII2H000235,BAIIV0191,BAIIV0191,BAIIV0191,PREPRINT,AUTO_EXACT_ARXIV;AUTO_EXACT_PROVIDER_RECORD,,RESOLVED,
BAIIW0123,BAII2H000193,Magnetic precession as a model for quasi-periodic oscillations in pulsating ultraluminous X-ray sources and in flat-top noise sources,"Čemeljić, Miljenko; Kluźniak, Włodek; Kundu, Sukalpa",2025-05,2026-07-13,10.1051/0004-6361/202555210,,2025A&A...703A...7C,ADS_SCIX,Q04_QPP_DETECTION_METHOD,BAII2H000193,BAIIV0192;BAIIV0193,BAIIV0193,BAIIV0193,PEER_REVIEWED,AUTO_EXACT_PROVIDER_RECORD,,RESOLVED,
BAIIW0124,BAII2H000196,Little red dots as a cosmological probe: constraining $H_0$ with quasi-periodic pulsations,"Zhang, Zijian; Inayoshi, Kohei; Oguri, Masamune; Jiang, Linhua; Sun, Fengwu; Li, Mingyu; Lin, Xiaojing",2026-06-01,2026-06-09,,2606.05281,2026arXiv260605281Z,ADS_SCIX;ARXIV,Q04_QPP_DETECTION_METHOD,BAII2H000196;BAII2H000246,BAIIV0194,BAIIV0194,BAIIV0194,PREPRINT,AUTO_EXACT_ARXIV;AUTO_EXACT_PROVIDER_RECORD,,RESOLVED,
BAIIW0125,BAII2H000197,Circumstellar emission of Cepheids across the instability strip: Mid-infrared observations with VLTI/MATISSE,"Hocdé, V.; Matter, A.; Nardetto, N.; Gallenne, A.; Kervella, P.; Mérand, A.; Pietrzyński, G.; Gieren, W.; Leftley, J.; Robbe-Dubois, S.; Lopez, B.; Bailleul, M. C.; Bras, G.; Smolec, R.; Wielgórski, P.; Hajdu, G.; Afanasiev, A.",2025-01,2026-06-15,10.1051/0004-6361/202452827,,2025A&A...694A.101H,ADS_SCIX,Q04_QPP_DETECTION_METHOD,BAII2H000197,BAIIV0195;BAIIV0196,BAIIV0196,BAIIV0196,PEER_REVIEWED,AUTO_EXACT_PROVIDER_RECORD,,RESOLVED,
BAIIW0126,BAII2H000198,Study of Type II Cepheids in the Gaia DR3 Epoch,"Rastorguev, A. S.; Zabolotskikh, M. V.; Samus, N. N.; Gorynya, N. A.",2025-12-01,2026-07-22,10.3103/s0027134925701218,,2025MUPB...80S.268R,ADS_SCIX,Q04_QPP_DETECTION_METHOD,BAII2H000198,BAIIV0197,BAIIV0197,BAIIV0197,PEER_REVIEWED,AUTO_EXACT_PROVIDER_RECORD,,RESOLVED,
BAIIW0127,BAII2H000199,Flare-associated Fast-mode Coronal Wave Trains: Recent Observational and Modeling Advances,"Liu, Wei; Wang, Tongjiang; Sun, Xudong; Zhang, Richard; Shi, Tong; Ofman, Leon; Jin, Meng",2025-02-01,2026-03-23,,,2025ghh..confP.159L,ADS_SCIX,Q04_QPP_DETECTION_METHOD,BAII2H000199,BAIIV0198,BAIIV0198,BAIIV0198,NOT_PEER_REVIEWED,AUTO_EXACT_PROVIDER_RECORD,,RESOLVED,
BAIIW0128,BAII2H000200,A Study of Amplitude Variability in a Sample of Pulsating Red Giants,"Percy, J. R.; Pago, A. F.",2025-12-01,2026-03-23,,,2025JAVSO..53..150P,ADS_SCIX,Q04_QPP_DETECTION_METHOD,BAII2H000200,BAIIV0199,BAIIV0199,BAIIV0199,PEER_REVIEWED,AUTO_EXACT_PROVIDER_RECORD,,RESOLVED,
BAIIW0129,BAII2H000202,BlackGEM observations of compact pulsating stars: Mode identification for the DOV PG 1159─035 using multi-colour photometry,"Ranaivomanana, P.; Johnston, C.; Uzundag, M.; Groot, P. J.; Kupfer, T.; Bloemen, S.; Vreeswijk, P. M.; van Roestel, J. C. J.; Pieterse, D. L. A.; Paice, J.; Kosakowski, A.; Ramsay, G.; Aerts, C.",2026-03,2026-06-08,10.1051/0004-6361/202556784,,2026A&A...708A.106R,ADS_SCIX,Q04_QPP_DETECTION_METHOD,BAII2H000202,BAIIV0200;BAIIV0201,BAIIV0201,BAIIV0201,PEER_REVIEWED,AUTO_EXACT_PROVIDER_RECORD,,RESOLVED,
BAIIW0130,BAII2H000205,Asteroseismology for Probing the Interior Structure and Orbital Stability of Extremely Low Mass Ratio Contact Binaries,"Zhang, Xiaobin; Chen, Xinghao; Li, Yan; Fu, Jianning",2026-02-01,2026-06-08,10.3847/1538-4357/ae2a2c,,2026ApJ...998...55Z,ADS_SCIX,Q04_QPP_DETECTION_METHOD,BAII2H000205,BAIIV0202,BAIIV0202,BAIIV0202,PEER_REVIEWED,AUTO_EXACT_PROVIDER_RECORD,,RESOLVED,
BAIIW0131,BAII2H000207,A Search for Dark Companions Around A-Type Stars via Pulsation Timing,"Ejercito, Kiana; Hey, Daniel; Huber, Daniel",2026-02-01,2026-03-23,,,2026AAS...24744327E,ADS_SCIX,Q04_QPP_DETECTION_METHOD,BAII2H000207,BAIIV0203,BAIIV0203,BAIIV0203,NOT_PEER_REVIEWED,AUTO_EXACT_PROVIDER_RECORD,,RESOLVED,
BAIIW0132,BAII2H000208,A Time─Frequency Analysis of Blazhko Modulation in Kepler RRab Stars,"Tahmasebzadeh, Behzad; Hambleton Prsa, Kelly",2026-07-01,2026-08-02,,,2026AAS...24831003T,ADS_SCIX,Q04_QPP_DETECTION_METHOD,BAII2H000208,BAIIV0204,BAIIV0204,BAIIV0204,NOT_PEER_REVIEWED,AUTO_EXACT_PROVIDER_RECORD,,RESOLVED,
BAIIW0133,BAII2H000209,Dual Origins of Rapid Flare Ribbon Downflows in an X9-class Solar Flare,Ryan J. French; William H. Ashfield; Cole A. Tamburri; Maria D. Kazachenko; Marie Dominique; Marcel Corchado Albelo; Amir Caspi,2025-11-17,2026-06-12,10.3847/1538-4357/ae21b5,,,ADS_SCIX;ARXIV,Q04_QPP_DETECTION_METHOD,BAII2H000209;BAII2H000240,BAIIV0205;BAIIV0206;BAIIV0207,BAIIV0207,BAIIV0207,PUBLISHED_JOURNAL,AUTO_EXACT_PROVIDER_RECORD,MANUAL_CONFIRMED_SAME_WORK,RESOLVED,
BAIIW0134,BAII2H000210,X-Ray Hardening Preceding the Onset of SGR 1935+2154's Radio Pulsar Phase,"Wang, Pei; Li, Jian; Ji, Long; Hou, Xian; Gügercinoğlu, Erbil; Li, Di; Torres, Diego F.; Chen, Yutong; Niu, Jiarui; Zhu, Wei-Wei; Zhang, Bing; Liang, En-Wei; Zhang, Li; Ge, Mingyu; Dai, Zigao; Lin, Lin; Han, Jinlin; Feng, Yi; Niu, Chenhui; Zhang, Yongkun; Zhou, Dejiang; Xu, Heng; Zhang, Chunfeng; Jiang, Jinchen; Miao, Chenchen; Yuan, Mao; Wang, Weiyang; Zhou, Dengke; Fang, Jianhua; Yue, Youling; Wu, Yunsheng; Wang, Yabiao; Wang, Chengjie; Gan, Zhenye; Li, Yuxi; Sun, Zhongyi; Chi, Mingmin; Zhang, Junshuo; Cao, Jinhuang; Lu, Wanjin; Wang, Yidan",2023-08,2026-06-15,10.3847/1538-4365/ad7c3f,,2024ApJS..275...39W,ADS_SCIX,Q04_QPP_DETECTION_METHOD,BAII2H000210,BAIIV0208;BAIIV0209,BAIIV0209,BAIIV0209,PEER_REVIEWED,AUTO_EXACT_PROVIDER_RECORD,,RESOLVED,
BAIIW0135,BAII2H000212,CMEs and Interplanetary Shocks: 2.5D Numerical Modeling,"Zhao, Xiaozhou",2025-04-01,2026-06-18,,,2025EGUGA..2721910Z,ADS_SCIX,Q04_QPP_DETECTION_METHOD,BAII2H000212,BAIIV0210,BAIIV0210,BAIIV0210,NOT_PEER_REVIEWED,AUTO_EXACT_PROVIDER_RECORD,,RESOLVED,
BAIIW0136,BAII2H000213,Constraining the Number Density of the Accretion Disk Wind in Hercules X-1 Using its Ionization Response to X-ray Pulsations,"Kosec, Peter",2024-05-01,2026-03-23,,,2024cosp...45.1660K,ADS_SCIX,Q04_QPP_DETECTION_METHOD,BAII2H000213;BAII2H000216,BAIIV0211;BAIIV0212,BAIIV0212,BAIIV0212,NOT_PEER_REVIEWED,AUTO_EXACT_PROVIDER_RECORD,MANUAL_CONFIRMED_SAME_WORK,RESOLVED,
BAIIW0137,BAII2H000214,eRASSU J043115.8-711730: The first pulsating symbiotic super-soft X-ray source in the Magellanic Bridge,"Saha, Tathagata; Maitra, Chandreyee; Charles, Philip; Haberl, Frank; Kaltenbrunner, David; Udalski, Andrej; Buckley, David; Monageng, Itumenleng; Townsend, Lee; Sasaki, Manami; Saeedi, Sara; Salvato, Mara",2026-07-01,2026-08-01,,2607.27730,2026arXiv260727730S,ADS_SCIX,Q04_QPP_DETECTION_METHOD,BAII2H000214,BAIIV0213,BAIIV0213,BAIIV0213,PREPRINT,AUTO_EXACT_PROVIDER_RECORD,,RESOLVED,
BAIIW0138,BAII2H000215,Thermal Non-equilibrium Cycles in a Non-eruptive Pseudo-Streamer,"Froment, Clara; Masson, Sophie",2026-08-01,2026-08-08,,2608.05986,2026arXiv260805986F,ADS_SCIX,Q04_QPP_DETECTION_METHOD,BAII2H000215,BAIIV0214,BAIIV0214,BAIIV0214,PREPRINT,AUTO_EXACT_PROVIDER_RECORD,,RESOLVED,
BAIIW0139,BAII2H000227,X-ray/Radio Quasi-periodic Pulsations Associated with Plasmoids in Solar Flare Current Sheets,Pankaj Kumar; Judith T. Karpen; Joel T. Dahlin,2024-12-06,2025-01-21,,2412.05193,,ARXIV,Q04_QPP_DETECTION_METHOD,BAII2H000227,BAIIV0215,BAIIV0215,BAIIV0215,PREPRINT,AUTO_EXACT_PROVIDER_RECORD,,RESOLVED,
BAIIW0140,BAII2H000241,Quasi-Periodic Fast-Mode Wave Trains Associated with the 2015-Jun-22 M6.5 Flare in AR~12371: Observations and 3D MHD Modeling,Tongjiang Wang; Wei Liu; Leon Ofman; Xudong Sun; Meng Jin,2026-03-13,2026-03-13,,2603.13456,,ARXIV,Q04_QPP_DETECTION_METHOD,BAII2H000241,BAIIV0216,BAIIV0216,BAIIV0216,PREPRINT,AUTO_EXACT_PROVIDER_RECORD,,RESOLVED,
BAIIW0141,BAII2H000242,X-ray and Spectral UV Observations of Periodic Pulsations in a Solar Flare Fan/Looptop,Ryan J. French; Laura A. Hayes; Maria D. Kazachenko; Katharine K. Reeves; Chengcai Shen; Juraj Lörinčík,2024-11-04,2024-11-04,,2411.02634,,ARXIV,Q04_QPP_DETECTION_METHOD,BAII2H000242,BAIIV0217,BAIIV0217,BAIIV0217,PREPRINT,AUTO_EXACT_PROVIDER_RECORD,,RESOLVED,
BAIIW0142,BAII2H000243,Effect of Solar Flares on Decayless Kink Oscillations in Nearby Coronal Loops,Zhiyi Li; Valery M. Nakariakov; Ding Yuan; Song Feng,2026-05-12,2026-05-12,,2605.12060,,ARXIV,Q04_QPP_DETECTION_METHOD,BAII2H000243,BAIIV0218,BAIIV0218,BAIIV0218,PREPRINT,AUTO_EXACT_PROVIDER_RECORD,,RESOLVED,
BAIIW0143,BAII2H000244,Reconnection-driven Decaying Pulsations Modulated by Slow Magnetoacoustic Waves,Dong Li; Jianping Li; Haisheng Ji,2025-10-20,2025-10-20,,2510.17077,,ARXIV,Q04_QPP_DETECTION_METHOD,BAII2H000244,BAIIV0219,BAIIV0219,BAIIV0219,PREPRINT,AUTO_EXACT_PROVIDER_RECORD,,RESOLVED,
BAIIW0144,BAII2H000245,Broad and Bi-directional narrow quasi-periodic fast-propagating wave trains associated with a filament-driven halo CME on 2023 April 21,Xinping Zhou; Yuandeng Shen; Yihua Yan; Ke Yu; Zhining Qu; Ahmed Ahmed Ibrahim; Zehao Tang; Chengrui Zhou; Song Tan; Ye Qiu; Hongfei Liang,2024-04-29,2024-04-29,,2404.18391,,ARXIV,Q04_QPP_DETECTION_METHOD,BAII2H000245,BAIIV0220,BAIIV0220,BAIIV0220,PREPRINT,AUTO_EXACT_PROVIDER_RECORD,,RESOLVED,
BAIIW0145,BAII2H000249,Stellar flare morphology with TESS across the main sequence,"Seli, B.; Vida, K.; Oláh, K.; Görgei, A.; Soós, Sz.; Pál, A.; Kriskovics, L.; Kővári, Zs.",2024-12-17,2026-06-15,10.1051/0004-6361/202452489,,2025A&A...694A.161S,ADS_SCIX;ARXIV,Q05_INJECTION_RECOVERY_SELECTION,BAII2H000249;BAII2H000301,BAIIV0221;BAIIV0222,BAIIV0222,BAIIV0222,PEER_REVIEWED,AUTO_EXACT_ARXIV;AUTO_EXACT_DOI;AUTO_EXACT_PROVIDER_RECORD,,RESOLVED,
BAIIW0146,BAII2H000251,"Stellar Flares, Superflares, and Coronal Mass Ejections—Entering the Big Data Era","Vida, Krisztián; Kővári, Zsolt; Leitzinger, Martin; Odert, Petra; Oláh, Katalin; Seli, Bálint; Kriskovics, Levente; Greimel, Robert; Görgei, Anna Mária",2024-07-01,2026-06-15,10.3390/universe10080313,,2024Univ...10..313V,ADS_SCIX;ARXIV,Q05_INJECTION_RECOVERY_SELECTION,BAII2H000251;BAII2H000312,BAIIV0223;BAIIV0224,BAIIV0223,BAIIV0223,PEER_REVIEWED,AUTO_EXACT_ARXIV;AUTO_EXACT_PROVIDER_RECORD,,RESOLVED,
BAIIW0147,BAII2H000252,Enhancing the detection of low-energy M dwarf flares: Wavelet-based denoising of CHEOPS data,"Poyatos, J.; Fors, O.; Gómez Cama, J. M.; Ribas, I.",2024-12-19,2026-08-02,10.1051/0004-6361/202453517,,2025A&A...699A.242P,ADS_SCIX;ARXIV,Q05_INJECTION_RECOVERY_SELECTION,BAII2H000252;BAII2H000317,BAIIV0225;BAIIV0226,BAIIV0226,BAIIV0226,PEER_REVIEWED,AUTO_EXACT_ARXIV;AUTO_EXACT_DOI;AUTO_EXACT_PROVIDER_RECORD,,RESOLVED,
BAIIW0148,BAII2H000253,The Impact of Stellar Flares on the Atmospheric Escape of Exoplanets Orbiting M Stars. I. Insights from the AU Mic System,"do Amaral, Laura N. R.; Shkolnik, Evgenya L.; Loyd, R. O. Parke; Peacock, Sarah",2025-03-17,2026-06-15,10.3847/1538-4357/adc932,,2025ApJ...985..100D,ADS_SCIX;ARXIV,Q05_INJECTION_RECOVERY_SELECTION,BAII2H000253;BAII2H000305,BAIIV0227;BAIIV0228,BAIIV0228,BAIIV0228,PEER_REVIEWED,AUTO_EXACT_ARXIV;AUTO_EXACT_PROVIDER_RECORD,,RESOLVED,
BAIIW0149,BAII2H000255,Planet-induced Stellar Flare Candidates from the TESS Mission,"Whitsett, Nathan; Daylan, Tansu",2025-01-01,2026-07-20,10.3847/1538-4357/ae6446,,2026ApJ..1005...43W,ADS_SCIX,Q05_INJECTION_RECOVERY_SELECTION,BAII2H000255;BAII2H000266,BAIIV0229;BAIIV0230,BAIIV0230,BAIIV0230,PEER_REVIEWED,AUTO_EXACT_PROVIDER_RECORD,MANUAL_CONFIRMED_SAME_WORK,RESOLVED,
BAIIW0150,BAII2H000256,Extending TESS flare frequency distributions with CHEOPS: Power-law versus lognormal,"Poyatos, J.; Fors, O.; Gómez Cama, J. M.",2025-10-01,2026-06-22,10.1051/0004-6361/202557721,,2026A&A...708A.302P,ADS_SCIX;ARXIV,Q05_INJECTION_RECOVERY_SELECTION,BAII2H000256;BAII2H000262;BAII2H000308,BAIIV0231;BAIIV0232,BAIIV0232,BAIIV0232,PEER_REVIEWED,AUTO_EXACT_ARXIV;AUTO_EXACT_DOI;AUTO_EXACT_PROVIDER_RECORD,,RESOLVED,
BAIIW0151,BAII2H000257,Far-ultraviolet Emission Line Investigation of Flares on AU Mic,"Gibson, Adalyn; Kowalski, Adam F.; Feinstein, Adina D.",2025-06-11,2026-06-15,10.3847/1538-4357/ae1691,,2025ApJ...994..140G,ADS_SCIX;ARXIV,Q05_INJECTION_RECOVERY_SELECTION,BAII2H000257;BAII2H000310,BAIIV0233;BAIIV0234,BAIIV0234,BAIIV0234,PEER_REVIEWED,AUTO_EXACT_ARXIV;AUTO_EXACT_PROVIDER_RECORD,,RESOLVED,
BAIIW0152,BAII2H000258,Sun-as-a-star Study of an X-class Solar Flare with Spectroscopic Observations of CHASE,"Ma, Y. L.; Lao, Q. H.; Cheng, X.; Wang, B. T.; Zhao, Z. H.; Rao, S. H.; Li, C.; Ding, M. D.",2024-03-14,2026-06-15,10.3847/1538-4357/ad3446,,2024ApJ...966...45M,ADS_SCIX;ARXIV,Q05_INJECTION_RECOVERY_SELECTION,BAII2H000258;BAII2H000316,BAIIV0235;BAIIV0236,BAIIV0236,BAIIV0236,PEER_REVIEWED,AUTO_EXACT_ARXIV;AUTO_EXACT_PROVIDER_RECORD,,RESOLVED,
BAIIW0153,BAII2H000259,Constraining the Mass Loss and the Kinetic Energy of Stellar Coronal Mass Ejections with Solar Far-ultraviolet Flares,"Park, Nuri; Shkolnik, Evgenya L.; Llama, Joe",2025-01-01,2026-03-23,10.3847/1538-4357/ae0e5e,,2025ApJ...994...26P,ADS_SCIX;ARXIV,Q05_INJECTION_RECOVERY_SELECTION,BAII2H000259;BAII2H000274;BAII2H000313,BAIIV0237;BAIIV0238;BAIIV0239,BAIIV0239,BAIIV0239,PEER_REVIEWED,AUTO_EXACT_ARXIV;AUTO_EXACT_PROVIDER_RECORD,MANUAL_CONFIRMED_SAME_WORK,RESOLVED,
BAIIW0154,BAII2H000260,Automated Flare Detection in Ground-Based Photometry of AD Leo,"Bertollini, Gary",2026-06-01,2026-07-07,10.1088/1538-3873/ae6e70,,2026PASP..138f4504B,ADS_SCIX,Q05_INJECTION_RECOVERY_SELECTION,BAII2H000260,BAIIV0240,BAIIV0240,BAIIV0240,PEER_REVIEWED,AUTO_EXACT_PROVIDER_RECORD,,RESOLVED,
BAIIW0155,BAII2H000261,Spectroscopic observations of solar flare pulsations driven by oscillatory magnetic reconnection,"Ashfield, William; Polito, Vanessa; Lörinčík, Juraj; De Pontieu, Bart; Chintzoglou, Georgios; Bose, Souvik; Freij, Nabil; Rouppe van der Voort, Luc; Joshi, Reetika; Thoen Faber, Jonas",2026-01-01,2026-07-22,10.1038/s41550-025-02706-4,,2026NatAs..10...54A,ADS_SCIX,Q05_INJECTION_RECOVERY_SELECTION,BAII2H000261,BAIIV0241,BAIIV0241,BAIIV0241,PEER_REVIEWED,AUTO_EXACT_PROVIDER_RECORD,,RESOLVED,
BAIIW0156,BAII2H000263,FLARENET: A Convolutional Neural Network for Stellar Flare Detection with TESS,"Berger, Vera; Schanche, Nicole; Powell, Brian P.; Colón, Knicole D.; Hedges, Christina",2026-06-01,2026-07-07,10.3847/2515-5172/ae74cf,,2026RNAAS..10..148B,ADS_SCIX,Q05_INJECTION_RECOVERY_SELECTION,BAII2H000263,BAIIV0242,BAIIV0242,BAIIV0242,PUBLISHED_JOURNAL,AUTO_EXACT_PROVIDER_RECORD,,RESOLVED,
BAIIW0157,BAII2H000265,"Catching, Classifying and Cataloging Stellar Flares with ArgusSpec","Procter, Thomas; Law, Nicholas; Corbett, Hank; Galliher, Nathan; Howard, Ward",2024-02-01,2026-03-23,,,2024AAS...24335926P,ADS_SCIX,Q05_INJECTION_RECOVERY_SELECTION,BAII2H000265,BAIIV0243,BAIIV0243,BAIIV0243,NOT_PEER_REVIEWED,AUTO_EXACT_PROVIDER_RECORD,,RESOLVED,
BAIIW0158,BAII2H000267,An HST Transmission Spectrum of the Closest M Dwarf Transiting Rocky Planet LTT 1445Ab,"Bennett, Katherine A.; Sing, David K.; Stevenson, Kevin B.; Wakeford, Hannah R.; Rustamkulov, Zafar; Allen, Natalie H.; Lothringer, Joshua D.; MacDonald, Ryan J.; Mayne, Nathan J.; Fu, Guangwei",2024-10,2026-06-15,10.3847/1538-3881/ad9dd1,,2025AJ....169..111B,ADS_SCIX,Q05_INJECTION_RECOVERY_SELECTION,BAII2H000267,BAIIV0244;BAIIV0245,BAIIV0245,BAIIV0245,PEER_REVIEWED,AUTO_EXACT_PROVIDER_RECORD,,RESOLVED,
BAIIW0159,BAII2H000268,StellarF: A Physics-Informed LoRA Framework for Stellar Flare Forecasting with Historical &amp; Statistical Data,"Su, Tianyu; Zou, Zhiqiang; Lu, Qingyu; Zhang, Feng; Luo, Ali; Kong, Xiao; Li, Min",2025-07-01,2026-06-15,,2507.10986,2025arXiv250710986S,ADS_SCIX;ARXIV,Q05_INJECTION_RECOVERY_SELECTION,BAII2H000268;BAII2H000303,BAIIV0246,BAIIV0246,BAIIV0246,PREPRINT,AUTO_EXACT_ARXIV;AUTO_EXACT_PROVIDER_RECORD,,RESOLVED,
BAIIW0160,BAII2H000269,VQPP: Video Query Performance Prediction Benchmark,"Catalin Lutu, Adrian; Poesina, Eduard; Tudor Ionescu, Radu",2026-02-01,2026-03-26,,2602.17814,2026arXiv260217814C,ADS_SCIX;ARXIV,Q05_INJECTION_RECOVERY_SELECTION,BAII2H000269;BAII2H000306,BAIIV0247,BAIIV0247,BAIIV0247,PREPRINT,AUTO_EXACT_ARXIV;AUTO_EXACT_PROVIDER_RECORD,,RESOLVED,
BAIIW0161,BAII2H000270,Fix Before Search: Benchmarking Agentic Query Visual Pre-processing in Multimodal Retrieval-augmented Generation,"Zhang, Jiankun; Zeng, Shenglai; Guo, Kai; Dai, Xinnan; Liu, Hui; Tang, Jiliang; Chang, Yi",2026-02-01,2026-03-26,,2602.13179,2026arXiv260213179Z,ADS_SCIX;ARXIV,Q05_INJECTION_RECOVERY_SELECTION,BAII2H000270;BAII2H000307,BAIIV0248,BAIIV0248,BAIIV0248,PREPRINT,AUTO_EXACT_ARXIV;AUTO_EXACT_PROVIDER_RECORD,,RESOLVED,
BAIIW0162,BAII2H000271,Doppler imaging combined with high-cadence photometry: I. Revisiting the surface of a pre-main-sequence flare star PW Andromedae,"Lee, S.; Bahar, E.; Şenavcı, H. V.; Ișık, E.; Ikuta, K.; Namekata, K.; Nagata, H.; Kawauchi, K.; Omiya, M.; Izumiura, H.; Tajitsu, A.; Sato, B.; Honda, S.; Nogami, D.",2025-11,2026-06-15,10.1051/0004-6361/202556616,,2026A&A...707A..24L,ADS_SCIX,Q05_INJECTION_RECOVERY_SELECTION,BAII2H000271,BAIIV0249;BAIIV0250,BAIIV0250,BAIIV0250,PEER_REVIEWED,AUTO_EXACT_PROVIDER_RECORD,,RESOLVED,
BAIIW0163,BAII2H000272,A chosen-plaintext attack on quantum permutation pad,"Zawadzki, Piotr",2024-02-01,2026-07-22,10.1007/s11128-024-04278-0,,2024QuIP...23...73Z,ADS_SCIX,Q05_INJECTION_RECOVERY_SELECTION,BAII2H000272,BAIIV0251,BAIIV0251,BAIIV0251,PEER_REVIEWED,AUTO_EXACT_PROVIDER_RECORD,,RESOLVED,
BAIIW0164,BAII2H000273,Cypher is Turing-Complete: A Formal Proof via 2-Counter Machine Simulation,"Halftermeyer, Pierre",2026-03-01,2026-05-28,,2605.18757,2026arXiv260518757H,ADS_SCIX;ARXIV,Q05_INJECTION_RECOVERY_SELECTION,BAII2H000273;BAII2H000309,BAIIV0252,BAIIV0252,BAIIV0252,PREPRINT,AUTO_EXACT_ARXIV;AUTO_EXACT_PROVIDER_RECORD,,RESOLVED,
BAIIW0165,BAII2H000275,"VizieR Online Data Catalog: M dwarfs flares timing &amp; energy from TESS &amp; Swift (Howard+, 2025)","Howard, W. S.; MacGregor, M. A.; Feinstein, A. D.; Vega, L. D.; Cody, A. M.; Turner, N. J.; Scott, V. J.; Burt, J. A.; Venuti, L.",2025-11-01,2026-03-23,,,2025yCat..51690027H,ADS_SCIX,Q05_INJECTION_RECOVERY_SELECTION,BAII2H000275,BAIIV0253,BAIIV0253,BAIIV0253,NOT_APPLICABLE,AUTO_EXACT_PROVIDER_RECORD,,RESOLVED,
BAIIW0166,BAII2H000276,The Stellar Abundances and Galactic Evolution Survey (SAGES) III,"Li, Chun; Fan, Zhou; Zhao, Gang; Wang, Wei; Zheng, Jie; Tan, Kefeng; Zhao, Jingkun; Huang, Yang; Yuan, Haibo; Xiao, Kai; Chen, Yuqin; Li, Haining; Liu, Yujuan; Song, Nan; Esamdin, Ali; Niu, Hu-Biao; Liu, Jin-Zhong; Feng, Guo-Jie",2024-10-14,2026-06-15,10.1088/1674-4527/ad7365,,2025RAA....25b5003L,ADS_SCIX;ARXIV,Q05_INJECTION_RECOVERY_SELECTION,BAII2H000276;BAII2H000315,BAIIV0254;BAIIV0255,BAIIV0255,BAIIV0255,PEER_REVIEWED,AUTO_EXACT_ARXIV;AUTO_EXACT_PROVIDER_RECORD,,RESOLVED,
BAIIW0167,BAII2H000277,Quantifying Exoplanets Mass-loss During Stellar Transient Events and their Significance in Exoplanets Atmospheric Escape,"Cohen, Ofer",2024-01-01,2026-03-23,,,2024lws..prop...22C,ADS_SCIX,Q05_INJECTION_RECOVERY_SELECTION,BAII2H000277,BAIIV0256,BAIIV0256,BAIIV0256,NOT_APPLICABLE,AUTO_EXACT_PROVIDER_RECORD,,RESOLVED,
BAIIW0168,BAII2H000278,Scalable Bayesian Additive Models for Stellar Flare Detection via Amortized Gaussian Process Inference and Hidden Markov Models,"Herrera, Rodrigo; Leos-Barajas, Vianey; Eadie, Gwendolyn; Semenova, Elizaveta; Davenport, James",2026-06-01,2026-06-24,,2606.22601,2026arXiv260622601H,ADS_SCIX;ARXIV,Q05_INJECTION_RECOVERY_SELECTION,BAII2H000278;BAII2H000302,BAIIV0257,BAIIV0257,BAIIV0257,PREPRINT,AUTO_EXACT_ARXIV;AUTO_EXACT_PROVIDER_RECORD,,RESOLVED,
BAIIW0169,BAII2H000279,Exploring the Properties of Stellar Flares in the Far-Infrared with PRIMA,"MacGregor, Meredith; Osten, Rachel",2025-12-01,2026-03-23,,,2025prim.book..587M,ADS_SCIX,Q05_INJECTION_RECOVERY_SELECTION,BAII2H000279,BAIIV0258,BAIIV0258,BAIIV0258,PUBLISHED_JOURNAL,AUTO_EXACT_PROVIDER_RECORD,,RESOLVED,
BAIIW0170,BAII2H000280,Flaring Accelerates the Complete Atmospheric Loss in Terrestrial Planets inside the Habitable Zone of M Stars,"Amaral, Laura; Segura, Antigona; Barnes, Rory; Luger, Rodrigo; Shkolnik, Evgenya L.",2024-05-01,2026-03-23,,,2024absc.conf99539A,ADS_SCIX,Q05_INJECTION_RECOVERY_SELECTION,BAII2H000280,BAIIV0259,BAIIV0259,BAIIV0259,NOT_PEER_REVIEWED,AUTO_EXACT_PROVIDER_RECORD,,RESOLVED,
BAIIW0171,BAII2H000281,25 years of groundbreaking discoveries with Chandra,"Slane, Patrick; Bogdán, Ákos; Pooley, David",2025-10,2026-07-22,10.1038/s41550-025-02675-8,,2025NatAs...9.1431S,ADS_SCIX,Q05_INJECTION_RECOVERY_SELECTION,BAII2H000281,BAIIV0260;BAIIV0261,BAIIV0261,BAIIV0261,PEER_REVIEWED,AUTO_EXACT_PROVIDER_RECORD,,RESOLVED,
BAIIW0172,BAII2H000282,OpenDecoder: Open Large Language Model Decoding to Incorporate Document Quality in RAG,"Mo, Fengran; Su, Zhan; Hui, Yuchen; Zhang, Jinghan; Sun, Jia Ao; Liu, Zheyuan; Zhang, Chao; Sakai, Tetsuya; Nie, Jian-Yun",2026-01-01,2026-03-26,,2601.09028,2026arXiv260109028M,ADS_SCIX;ARXIV,Q05_INJECTION_RECOVERY_SELECTION,BAII2H000282;BAII2H000314,BAIIV0262,BAIIV0262,BAIIV0262,PREPRINT,AUTO_EXACT_ARXIV;AUTO_EXACT_PROVIDER_RECORD,,RESOLVED,
BAIIW0173,BAII2H000283,Predicting Lakehouse Performance in Clouds: An Empirical Exploration of Query Runtime Variance,"Nurdin, James; Liu, Wei; Mccreadie, Richard; Thamsen, Lauritz",2026-06-01,2026-06-09,,2606.03464,2026arXiv260603464N,ADS_SCIX;ARXIV,Q05_INJECTION_RECOVERY_SELECTION,BAII2H000283;BAII2H000311,BAIIV0263,BAIIV0263,BAIIV0263,PREPRINT,AUTO_EXACT_ARXIV;AUTO_EXACT_PROVIDER_RECORD,,RESOLVED,
BAIIW0174,BAII2H000284,"Ultrafast Modulations in Stellar, Solar and Galactic Spectra: Dark Matter and Numerical Ghosts, Stellar Flares and SETI","Tamburini, Fabrizio; Licata, Ignazio",2022-10,2026-06-15,10.3390/particles7030032,,2024Parti...7..576T,ADS_SCIX,Q05_INJECTION_RECOVERY_SELECTION,BAII2H000284,BAIIV0264;BAIIV0265,BAIIV0265,BAIIV0265,PEER_REVIEWED,AUTO_EXACT_PROVIDER_RECORD,,RESOLVED,
BAIIW0175,BAII2H000285,XRISM/Xtend transient search: system design and results during the performance verification phase,"Tsuboi, Yohko; Yoneyama, Tomokage; Yoshimoto, Marina; Akasu, Koichiro; Ishihara, Yukiko; Nagashima, Nagisa; Nemoto, Noboru; Sugai, Haruka; Yanagi, Tomohiro; Fukushima, Kotaro; Hayashi, Katsuhiro; Kanemaru, Yoshiaki; Ogawa, Shoji; Yoshida, Tessei; Audard, Marc; Behar, Ehud; Inoue, Shun; Kohmura, Takayoshi; Maeda, Yoshitomo; Mizumoto, Misaki; Nobukawa, Masayoshi; Pottschmidt, Katja; Shidatsu, Megumi; Terada, Yukikatsu; Terashima, Yuichi; Uchida, Hiroyuki; Kang, Chulsoo; Kiyomoto, Takuto; Kurashima, Jun; Matsushima, Tsukasa; Mori, Koji; Motogami, Yugo; Narita, Takuto; Noda, Hirofumi; Sakamoto, Yuya; Takahashi, Hiromitsu; Takemoto, Reo",2025-10-01,2026-03-23,10.1117/1.jatis.11.4.042008,,2025JATIS..11d2008T,ADS_SCIX,Q05_INJECTION_RECOVERY_SELECTION,BAII2H000285,BAIIV0266,BAIIV0266,BAIIV0266,PEER_REVIEWED,AUTO_EXACT_PROVIDER_RECORD,,RESOLVED,
BAIIW0176,BAII2H000286,Mauve: a UV-Vis satellite dedicated to monitor stellar activity and variability,"Zahra Majidi, Fatemeh; Bradley, Lawrence; Ma, Sushuang; Saba, Arianna; Tinetti, Giovanna; Stotesbury, Ian; Edwards, Billy; Savini, Giorgio; Favata, Fabio; Tessenyi, Marcell; Wilcock, Benjamin John",2024-09-01,2026-03-23,,,2024EPSC...17..282Z,ADS_SCIX,Q05_INJECTION_RECOVERY_SELECTION,BAII2H000286,BAIIV0267,BAIIV0267,BAIIV0267,NOT_PEER_REVIEWED,AUTO_EXACT_PROVIDER_RECORD,,RESOLVED,
BAIIW0177,BAII2H000287,Spectral variations within solar flare ribbons,"Pietrow, A. G. M.; Druett, M. K.; Singh, V.",2024-02-16,2026-06-15,10.1051/0004-6361/202348839,,2024A&A...685A.137P,ADS_SCIX;ARXIV,Q05_INJECTION_RECOVERY_SELECTION,BAII2H000287;BAII2H000318,BAIIV0268;BAIIV0269,BAIIV0269,BAIIV0269,PEER_REVIEWED,AUTO_EXACT_ARXIV;AUTO_EXACT_DOI;AUTO_EXACT_PROVIDER_RECORD,,RESOLVED,
BAIIW0178,BAII2H000288,CFD benchmarking of triply periodic minimal surface (TPMS) and non-TPMS heat sink geometries: Thermal-hydraulic trade-offs at equal structural volume,"Al-Safadi, Mohammad; Shuja, S. Z.; Almerbati, A.; Zubair, Syed M.",2026-02-01,2026-03-26,10.1016/j.icheatmasstransfer.2025.110067,,2026ICHMT.17110067A,ADS_SCIX,Q05_INJECTION_RECOVERY_SELECTION,BAII2H000288,BAIIV0270,BAIIV0270,BAIIV0270,PEER_REVIEWED,AUTO_EXACT_PROVIDER_RECORD,,RESOLVED,
BAIIW0179,BAII2H000290,Breeding for colored quality protein popcorn with improved amino acid composition,"Niyorukundo, Jonathan; Yobi, Abou; Sithole, Cephas; Wehrbein, Caleb; Angelovici, Ruthie; Holding, David R.",2026-05-01,2026-07-14,10.3389/fpls.2026.1844370,,2026FrPS...1744370N,ADS_SCIX,Q05_INJECTION_RECOVERY_SELECTION,BAII2H000290,BAIIV0271,BAIIV0271,BAIIV0271,PEER_REVIEWED,AUTO_EXACT_PROVIDER_RECORD,,RESOLVED,
BAIIW0180,BAII2H000291,Pulsaciones cuasi-periódicas en fulguraciones solares: claves para desentrañar la liberación de energía solar,"Cécere, M.",2025-08-01,2026-03-23,,,2025BAAA...66....8C,ADS_SCIX,Q05_INJECTION_RECOVERY_SELECTION,BAII2H000291,BAIIV0272,BAIIV0272,BAIIV0272,PEER_REVIEWED,AUTO_EXACT_PROVIDER_RECORD,,RESOLVED,
BAIIW0181,BAII2H000292,Localizing Stellar Activity on Low-Mass Stars with the Transiting Exoplanet Survey Satellite,"Moquin, Julie; Ealy, Jordan; Schlieder, Joshua",2024-02-01,2026-03-23,,,2024AAS...24325911M,ADS_SCIX,Q05_INJECTION_RECOVERY_SELECTION,BAII2H000292,BAIIV0273,BAIIV0273,BAIIV0273,NOT_PEER_REVIEWED,AUTO_EXACT_PROVIDER_RECORD,,RESOLVED,
BAIIW0182,BAII2H000293,"An expanded flare study of nearby young moving group members with TESS: new data, methods, and directions for stellar habitability studies","Tran, Andrew; Song, Inseok",2026-02-01,2026-03-23,,,2026AAS...24722004T,ADS_SCIX,Q05_INJECTION_RECOVERY_SELECTION,BAII2H000293,BAIIV0274,BAIIV0274,BAIIV0274,NOT_PEER_REVIEWED,AUTO_EXACT_PROVIDER_RECORD,,RESOLVED,
BAIIW0183,BAII2H000294,"QPPLab: A generally applicable software package for detecting, analyzing, and visualizing large-scale quasiperiodic spatiotemporal patterns (QPPs) of brain activity","Xu, Nan; Yousefi, Behnaz; Anumba, Nmachi; LaGrow, Theodore J.; Zhang, Xiaodi; Keilholz, Shella",2025-02-01,2026-06-23,10.1016/j.softx.2025.102067,,2025SoftX..2902067X,ADS_SCIX,Q05_INJECTION_RECOVERY_SELECTION,BAII2H000294,BAIIV0275,BAIIV0275,BAIIV0275,PEER_REVIEWED,AUTO_EXACT_PROVIDER_RECORD,,RESOLVED,
BAIIW0184,BAII2H000295,Extreme Space Weather Effects on Terrestrial Exoplanet Atmospheres in the JWST Era,"Bhattacharyya, Dolon",2024-01-01,2026-03-23,,,2024xrp..prop..143B,ADS_SCIX,Q05_INJECTION_RECOVERY_SELECTION,BAII2H000295,BAIIV0276,BAIIV0276,BAIIV0276,NOT_APPLICABLE,AUTO_EXACT_PROVIDER_RECORD,,RESOLVED,
BAIIW0185,BAII2H000296,Predictor-based neural adaptive self-triggered quantitative prescribed performance formation control for underactuated unmanned surface vehicles,"Liu, Chong; Wang, Yuanhui",2025-03-01,2026-03-26,10.1016/j.oceaneng.2024.120220,,2025OcEng.31920220L,ADS_SCIX,Q05_INJECTION_RECOVERY_SELECTION,BAII2H000296,BAIIV0277,BAIIV0277,BAIIV0277,PEER_REVIEWED,AUTO_EXACT_PROVIDER_RECORD,,RESOLVED,
BAIIW0186,BAII2H000297,Statistical quantum mechanics of the random permutation sorting system: A self-stabilizing true uniform random number generator,"Kuang, Randy",2026-02-01,2026-05-30,10.1103/24hx-9y3l,,2026PhRvE.113b4117K,ADS_SCIX,Q05_INJECTION_RECOVERY_SELECTION,BAII2H000297,BAIIV0278,BAIIV0278,BAIIV0278,PEER_REVIEWED,AUTO_EXACT_PROVIDER_RECORD,,RESOLVED,
BAIIW0187,BAII2H000298,Dynamic Multi-Aspect Query Fusion for Conversational Search,"Xu, Xiuwen; Li, Xiangqian",2026-04-01,2026-08-06,,,2026icdm.conf40566X,ADS_SCIX,Q05_INJECTION_RECOVERY_SELECTION,BAII2H000298,BAIIV0279,BAIIV0279,BAIIV0279,NOT_PEER_REVIEWED,AUTO_EXACT_PROVIDER_RECORD,,RESOLVED,
BAIIW0188,BAII2H000299,Linking TESS White-Light Flares to SDSS-V Chromospheric Variability in M-Dwarfs,"Bracamonte, Andrea; Feliz, Dax; Angus, Ruth; Casey, Andrew",2026-02-01,2026-03-23,,,2026AAS...24742903B,ADS_SCIX,Q05_INJECTION_RECOVERY_SELECTION,BAII2H000299,BAIIV0280,BAIIV0280,BAIIV0280,NOT_PEER_REVIEWED,AUTO_EXACT_PROVIDER_RECORD,,RESOLVED,
BAIIW0189,BAII2H000319,Twin Restricted Kernel Machines for Multiview Classification,A. Quadir; M. Sajid; Mushir Akhtar; M. Tanveer,2025-12-12,2025-12-12,10.1109/ijcnn64981.2025.11228247,,,ARXIV,Q05_INJECTION_RECOVERY_SELECTION,BAII2H000319,BAIIV0281;BAIIV0282,BAIIV0282,BAIIV0282,PUBLISHED_JOURNAL,AUTO_EXACT_PROVIDER_RECORD,,RESOLVED,
BAIIW0190,BAII2H000321,AFINO: Automated Flare Inference of Oscillations,"Inglis, A. R.",2024-05-01,2026-03-23,,,2024ascl.soft05017I,ADS_SCIX,Q06_AFINO_RELATED,BAII2H000321,BAIIV0283,BAIIV0283,BAIIV0283,NOT_APPLICABLE,AUTO_EXACT_PROVIDER_RECORD,,RESOLVED,
