phase3a_event_id,pair_id,observational_reference_role,baseline_variant_id,baseline_materialization_status,baseline_inadmissibility_reason,baseline_decision_available,baseline_qpp_selected,expected_reference_selection_state,baseline_gate_state
F3AE000001,F3AP0001,PUBLISHED_QPP_REFERENCE,F3AV000001,ELIGIBLE_FOR_AFINO,,true,false,true,REFERENCE_BASELINE_MISMATCH
F3AE000002,F3AP0001,PUBLISHED_NOT_SELECTED_REFERENCE,F3AV000079,ELIGIBLE_FOR_AFINO,,true,false,false,REFERENCE_CONCORDANT
F3AE000003,F3AP0002,PUBLISHED_QPP_REFERENCE,F3AV000157,ELIGIBLE_FOR_AFINO,,true,false,true,REFERENCE_BASELINE_MISMATCH
F3AE000004,F3AP0002,PUBLISHED_NOT_SELECTED_REFERENCE,F3AV000235,ELIGIBLE_FOR_AFINO,,true,false,false,REFERENCE_CONCORDANT
F3AE000005,F3AP0003,PUBLISHED_QPP_REFERENCE,F3AV000313,ELIGIBLE_FOR_AFINO,,true,false,true,REFERENCE_BASELINE_MISMATCH
F3AE000006,F3AP0003,PUBLISHED_NOT_SELECTED_REFERENCE,F3AV000391,ELIGIBLE_FOR_AFINO,,true,false,false,REFERENCE_CONCORDANT
F3AE000007,F3AP0004,PUBLISHED_QPP_REFERENCE,F3AV000469,ELIGIBLE_FOR_AFINO,,true,false,true,REFERENCE_BASELINE_MISMATCH
F3AE000008,F3AP0004,PUBLISHED_NOT_SELECTED_REFERENCE,F3AV000547,ELIGIBLE_FOR_AFINO,,true,false,false,REFERENCE_CONCORDANT
F3AE000009,F3AP0005,PUBLISHED_QPP_REFERENCE,F3AV000625,ELIGIBLE_FOR_AFINO,,true,false,true,REFERENCE_BASELINE_MISMATCH
F3AE000010,F3AP0005,PUBLISHED_NOT_SELECTED_REFERENCE,F3AV000703,ELIGIBLE_FOR_AFINO,,true,false,false,REFERENCE_CONCORDANT
F3AE000011,F3AP0006,PUBLISHED_QPP_REFERENCE,F3AV000781,ELIGIBLE_FOR_AFINO,,true,false,true,REFERENCE_BASELINE_MISMATCH
F3AE000012,F3AP0006,PUBLISHED_NOT_SELECTED_REFERENCE,F3AV000859,ELIGIBLE_FOR_AFINO,,true,false,false,REFERENCE_CONCORDANT
F3AE000013,F3AP0007,PUBLISHED_QPP_REFERENCE,F3AV000937,ELIGIBLE_FOR_AFINO,,true,true,true,REFERENCE_CONCORDANT
F3AE000014,F3AP0007,PUBLISHED_NOT_SELECTED_REFERENCE,F3AV001015,ELIGIBLE_FOR_AFINO,,true,false,false,REFERENCE_CONCORDANT
F3AE000015,F3AP0008,PUBLISHED_QPP_REFERENCE,F3AV001093,ELIGIBLE_FOR_AFINO,,true,false,true,REFERENCE_BASELINE_MISMATCH
F3AE000016,F3AP0008,PUBLISHED_NOT_SELECTED_REFERENCE,F3AV001171,ELIGIBLE_FOR_AFINO,,true,false,false,REFERENCE_CONCORDANT
F3AE000017,F3AP0009,PUBLISHED_QPP_REFERENCE,F3AV001249,ELIGIBLE_FOR_AFINO,,true,false,true,REFERENCE_BASELINE_MISMATCH
F3AE000018,F3AP0009,PUBLISHED_NOT_SELECTED_REFERENCE,F3AV001327,ELIGIBLE_FOR_AFINO,,true,false,false,REFERENCE_CONCORDANT
F3AE000019,F3AP0010,PUBLISHED_QPP_REFERENCE,F3AV001405,ELIGIBLE_FOR_AFINO,,true,true,true,REFERENCE_CONCORDANT
F3AE000020,F3AP0010,PUBLISHED_NOT_SELECTED_REFERENCE,F3AV001483,ELIGIBLE_FOR_AFINO,,true,false,false,REFERENCE_CONCORDANT
F3AE000021,F3AP0011,PUBLISHED_QPP_REFERENCE,F3AV001561,ELIGIBLE_FOR_AFINO,,true,true,true,REFERENCE_CONCORDANT
F3AE000022,F3AP0011,PUBLISHED_NOT_SELECTED_REFERENCE,F3AV001639,ELIGIBLE_FOR_AFINO,,true,false,false,REFERENCE_CONCORDANT
F3AE000023,F3AP0012,PUBLISHED_QPP_REFERENCE,F3AV001717,ELIGIBLE_FOR_AFINO,,true,false,true,REFERENCE_BASELINE_MISMATCH
F3AE000024,F3AP0012,PUBLISHED_NOT_SELECTED_REFERENCE,F3AV001795,ELIGIBLE_FOR_AFINO,,true,false,false,REFERENCE_CONCORDANT
F3AE000025,F3AP0013,PUBLISHED_QPP_REFERENCE,F3AV001873,ELIGIBLE_FOR_AFINO,,true,true,true,REFERENCE_CONCORDANT
F3AE000026,F3AP0013,PUBLISHED_NOT_SELECTED_REFERENCE,F3AV001951,ELIGIBLE_FOR_AFINO,,true,false,false,REFERENCE_CONCORDANT
F3AE000027,F3AP0014,PUBLISHED_QPP_REFERENCE,F3AV002029,ELIGIBLE_FOR_AFINO,,true,false,true,REFERENCE_BASELINE_MISMATCH
F3AE000028,F3AP0014,PUBLISHED_NOT_SELECTED_REFERENCE,F3AV002107,ELIGIBLE_FOR_AFINO,,true,false,false,REFERENCE_CONCORDANT
F3AE000029,F3AP0015,PUBLISHED_QPP_REFERENCE,F3AV002185,ELIGIBLE_FOR_AFINO,,true,false,true,REFERENCE_BASELINE_MISMATCH
F3AE000030,F3AP0015,PUBLISHED_NOT_SELECTED_REFERENCE,F3AV002263,ELIGIBLE_FOR_AFINO,,true,false,false,REFERENCE_CONCORDANT
F3AE000031,F3AP0016,PUBLISHED_QPP_REFERENCE,F3AV002341,ELIGIBLE_FOR_AFINO,,true,false,true,REFERENCE_BASELINE_MISMATCH
F3AE000032,F3AP0016,PUBLISHED_NOT_SELECTED_REFERENCE,F3AV002419,ELIGIBLE_FOR_AFINO,,true,false,false,REFERENCE_CONCORDANT
F3AE000033,F3AP0017,PUBLISHED_QPP_REFERENCE,F3AV002497,ELIGIBLE_FOR_AFINO,,true,false,true,REFERENCE_BASELINE_MISMATCH
F3AE000034,F3AP0017,PUBLISHED_NOT_SELECTED_REFERENCE,F3AV002575,ELIGIBLE_FOR_AFINO,,true,false,false,REFERENCE_CONCORDANT
F3AE000035,F3AP0018,PUBLISHED_QPP_REFERENCE,F3AV002653,ELIGIBLE_FOR_AFINO,,true,false,true,REFERENCE_BASELINE_MISMATCH
F3AE000036,F3AP0018,PUBLISHED_NOT_SELECTED_REFERENCE,F3AV002731,ELIGIBLE_FOR_AFINO,,true,false,false,REFERENCE_CONCORDANT
F3AE000037,F3AP0019,PUBLISHED_QPP_REFERENCE,F3AV002809,ELIGIBLE_FOR_AFINO,,true,true,true,REFERENCE_CONCORDANT
F3AE000038,F3AP0019,PUBLISHED_NOT_SELECTED_REFERENCE,F3AV002887,ELIGIBLE_FOR_AFINO,,true,false,false,REFERENCE_CONCORDANT
F3AE000039,F3AP0020,PUBLISHED_QPP_REFERENCE,F3AV002965,ELIGIBLE_FOR_AFINO,,true,false,true,REFERENCE_BASELINE_MISMATCH
F3AE000040,F3AP0020,PUBLISHED_NOT_SELECTED_REFERENCE,F3AV003043,ELIGIBLE_FOR_AFINO,,true,false,false,REFERENCE_CONCORDANT
F3AE000041,F3AP0021,PUBLISHED_QPP_REFERENCE,F3AV003121,ELIGIBLE_FOR_AFINO,,true,false,true,REFERENCE_BASELINE_MISMATCH
F3AE000042,F3AP0021,PUBLISHED_NOT_SELECTED_REFERENCE,F3AV003199,INPUT_INADMISSIBLE,TOO_FEW_CADENCES,false,,false,INPUT_INADMISSIBLE
F3AE000043,F3AP0022,PUBLISHED_QPP_REFERENCE,F3AV003277,ELIGIBLE_FOR_AFINO,,true,false,true,REFERENCE_BASELINE_MISMATCH
F3AE000044,F3AP0022,PUBLISHED_NOT_SELECTED_REFERENCE,F3AV003355,ELIGIBLE_FOR_AFINO,,true,false,false,REFERENCE_CONCORDANT
F3AE000045,F3AP0023,PUBLISHED_QPP_REFERENCE,F3AV003433,ELIGIBLE_FOR_AFINO,,true,false,true,REFERENCE_BASELINE_MISMATCH
F3AE000046,F3AP0023,PUBLISHED_NOT_SELECTED_REFERENCE,F3AV003511,ELIGIBLE_FOR_AFINO,,true,false,false,REFERENCE_CONCORDANT
F3AE000047,F3AP0024,PUBLISHED_QPP_REFERENCE,F3AV003589,ELIGIBLE_FOR_AFINO,,true,false,true,REFERENCE_BASELINE_MISMATCH
F3AE000048,F3AP0024,PUBLISHED_NOT_SELECTED_REFERENCE,F3AV003667,ELIGIBLE_FOR_AFINO,,true,false,false,REFERENCE_CONCORDANT
F3AE000049,F3AP0025,PUBLISHED_QPP_REFERENCE,F3AV003745,ELIGIBLE_FOR_AFINO,,true,false,true,REFERENCE_BASELINE_MISMATCH
F3AE000050,F3AP0025,PUBLISHED_NOT_SELECTED_REFERENCE,F3AV003823,ELIGIBLE_FOR_AFINO,,true,false,false,REFERENCE_CONCORDANT
F3AE000051,F3AP0026,PUBLISHED_QPP_REFERENCE,F3AV003901,ELIGIBLE_FOR_AFINO,,true,false,true,REFERENCE_BASELINE_MISMATCH
F3AE000052,F3AP0026,PUBLISHED_NOT_SELECTED_REFERENCE,F3AV003979,ELIGIBLE_FOR_AFINO,,true,false,false,REFERENCE_CONCORDANT
F3AE000053,F3AP0027,PUBLISHED_QPP_REFERENCE,F3AV004057,INPUT_INADMISSIBLE,TOO_FEW_CADENCES,false,,true,INPUT_INADMISSIBLE
F3AE000054,F3AP0027,PUBLISHED_NOT_SELECTED_REFERENCE,F3AV004135,INPUT_INADMISSIBLE,TOO_FEW_CADENCES,false,,false,INPUT_INADMISSIBLE
F3AE000055,F3AP0028,PUBLISHED_QPP_REFERENCE,F3AV004213,ELIGIBLE_FOR_AFINO,,true,false,true,REFERENCE_BASELINE_MISMATCH
F3AE000056,F3AP0028,PUBLISHED_NOT_SELECTED_REFERENCE,F3AV004291,ELIGIBLE_FOR_AFINO,,true,false,false,REFERENCE_CONCORDANT
F3AE000057,F3AP0029,PUBLISHED_QPP_REFERENCE,F3AV004369,ELIGIBLE_FOR_AFINO,,true,false,true,REFERENCE_BASELINE_MISMATCH
F3AE000058,F3AP0029,PUBLISHED_NOT_SELECTED_REFERENCE,F3AV004447,ELIGIBLE_FOR_AFINO,,true,false,false,REFERENCE_CONCORDANT
F3AE000059,F3AP0030,PUBLISHED_QPP_REFERENCE,F3AV004525,ELIGIBLE_FOR_AFINO,,true,false,true,REFERENCE_BASELINE_MISMATCH
F3AE000060,F3AP0030,PUBLISHED_NOT_SELECTED_REFERENCE,F3AV004603,ELIGIBLE_FOR_AFINO,,true,false,false,REFERENCE_CONCORDANT
F3AE000061,F3AP0031,PUBLISHED_QPP_REFERENCE,F3AV004681,ELIGIBLE_FOR_AFINO,,true,false,true,REFERENCE_BASELINE_MISMATCH
F3AE000062,F3AP0031,PUBLISHED_NOT_SELECTED_REFERENCE,F3AV004759,ELIGIBLE_FOR_AFINO,,true,false,false,REFERENCE_CONCORDANT
F3AE000063,F3AP0032,PUBLISHED_QPP_REFERENCE,F3AV004837,ELIGIBLE_FOR_AFINO,,true,false,true,REFERENCE_BASELINE_MISMATCH
F3AE000064,F3AP0032,PUBLISHED_NOT_SELECTED_REFERENCE,F3AV004915,ELIGIBLE_FOR_AFINO,,true,false,false,REFERENCE_CONCORDANT
F3AE000065,F3AP0033,PUBLISHED_QPP_REFERENCE,F3AV004993,ELIGIBLE_FOR_AFINO,,true,false,true,REFERENCE_BASELINE_MISMATCH
F3AE000066,F3AP0033,PUBLISHED_NOT_SELECTED_REFERENCE,F3AV005071,ELIGIBLE_FOR_AFINO,,true,false,false,REFERENCE_CONCORDANT
F3AE000067,F3AP0034,PUBLISHED_QPP_REFERENCE,F3AV005149,ELIGIBLE_FOR_AFINO,,true,false,true,REFERENCE_BASELINE_MISMATCH
F3AE000068,F3AP0034,PUBLISHED_NOT_SELECTED_REFERENCE,F3AV005227,ELIGIBLE_FOR_AFINO,,true,false,false,REFERENCE_CONCORDANT
F3AE000069,F3AP0035,PUBLISHED_QPP_REFERENCE,F3AV005305,ELIGIBLE_FOR_AFINO,,true,false,true,REFERENCE_BASELINE_MISMATCH
F3AE000070,F3AP0035,PUBLISHED_NOT_SELECTED_REFERENCE,F3AV005383,ELIGIBLE_FOR_AFINO,,true,false,false,REFERENCE_CONCORDANT
F3AE000071,F3AP0036,PUBLISHED_QPP_REFERENCE,F3AV005461,ELIGIBLE_FOR_AFINO,,true,false,true,REFERENCE_BASELINE_MISMATCH
F3AE000072,F3AP0036,PUBLISHED_NOT_SELECTED_REFERENCE,F3AV005539,ELIGIBLE_FOR_AFINO,,true,false,false,REFERENCE_CONCORDANT
F3AE000073,F3AP0037,PUBLISHED_QPP_REFERENCE,F3AV005617,INPUT_INADMISSIBLE,TOO_FEW_CADENCES,false,,true,INPUT_INADMISSIBLE
F3AE000074,F3AP0037,PUBLISHED_NOT_SELECTED_REFERENCE,F3AV005695,INPUT_INADMISSIBLE,TOO_FEW_CADENCES,false,,false,INPUT_INADMISSIBLE
F3AE000075,F3AP0038,PUBLISHED_QPP_REFERENCE,F3AV005773,ELIGIBLE_FOR_AFINO,,true,true,true,REFERENCE_CONCORDANT
F3AE000076,F3AP0038,PUBLISHED_NOT_SELECTED_REFERENCE,F3AV005851,ELIGIBLE_FOR_AFINO,,true,false,false,REFERENCE_CONCORDANT
F3AE000077,F3AP0039,PUBLISHED_QPP_REFERENCE,F3AV005929,ELIGIBLE_FOR_AFINO,,true,false,true,REFERENCE_BASELINE_MISMATCH
F3AE000078,F3AP0039,PUBLISHED_NOT_SELECTED_REFERENCE,F3AV006007,ELIGIBLE_FOR_AFINO,,true,false,false,REFERENCE_CONCORDANT
F3AE000079,F3AP0040,PUBLISHED_QPP_REFERENCE,F3AV006085,ELIGIBLE_FOR_AFINO,,true,false,true,REFERENCE_BASELINE_MISMATCH
F3AE000080,F3AP0040,PUBLISHED_NOT_SELECTED_REFERENCE,F3AV006163,ELIGIBLE_FOR_AFINO,,true,false,false,REFERENCE_CONCORDANT
F3AE000081,F3AP0041,PUBLISHED_QPP_REFERENCE,F3AV006241,ELIGIBLE_FOR_AFINO,,true,false,true,REFERENCE_BASELINE_MISMATCH
F3AE000082,F3AP0041,PUBLISHED_NOT_SELECTED_REFERENCE,F3AV006319,ELIGIBLE_FOR_AFINO,,true,false,false,REFERENCE_CONCORDANT
F3AE000083,F3AP0042,PUBLISHED_QPP_REFERENCE,F3AV006397,ELIGIBLE_FOR_AFINO,,true,false,true,REFERENCE_BASELINE_MISMATCH
F3AE000084,F3AP0042,PUBLISHED_NOT_SELECTED_REFERENCE,F3AV006475,ELIGIBLE_FOR_AFINO,,true,false,false,REFERENCE_CONCORDANT
F3AE000085,F3AP0043,PUBLISHED_QPP_REFERENCE,F3AV006553,ELIGIBLE_FOR_AFINO,,true,false,true,REFERENCE_BASELINE_MISMATCH
F3AE000086,F3AP0043,PUBLISHED_NOT_SELECTED_REFERENCE,F3AV006631,ELIGIBLE_FOR_AFINO,,true,false,false,REFERENCE_CONCORDANT
F3AE000087,F3AP0044,PUBLISHED_QPP_REFERENCE,F3AV006709,ELIGIBLE_FOR_AFINO,,true,false,true,REFERENCE_BASELINE_MISMATCH
F3AE000088,F3AP0044,PUBLISHED_NOT_SELECTED_REFERENCE,F3AV006787,ELIGIBLE_FOR_AFINO,,true,false,false,REFERENCE_CONCORDANT
F3AE000089,F3AP0045,PUBLISHED_QPP_REFERENCE,F3AV006865,ELIGIBLE_FOR_AFINO,,true,false,true,REFERENCE_BASELINE_MISMATCH
F3AE000090,F3AP0045,PUBLISHED_NOT_SELECTED_REFERENCE,F3AV006943,ELIGIBLE_FOR_AFINO,,true,false,false,REFERENCE_CONCORDANT
F3AE000091,F3AP0046,PUBLISHED_QPP_REFERENCE,F3AV007021,ELIGIBLE_FOR_AFINO,,true,false,true,REFERENCE_BASELINE_MISMATCH
F3AE000092,F3AP0046,PUBLISHED_NOT_SELECTED_REFERENCE,F3AV007099,ELIGIBLE_FOR_AFINO,,true,false,false,REFERENCE_CONCORDANT
F3AE000093,F3AP0047,PUBLISHED_QPP_REFERENCE,F3AV007177,ELIGIBLE_FOR_AFINO,,true,false,true,REFERENCE_BASELINE_MISMATCH
F3AE000094,F3AP0047,PUBLISHED_NOT_SELECTED_REFERENCE,F3AV007255,ELIGIBLE_FOR_AFINO,,true,false,false,REFERENCE_CONCORDANT
F3AE000095,F3AP0048,PUBLISHED_QPP_REFERENCE,F3AV007333,ELIGIBLE_FOR_AFINO,,true,false,true,REFERENCE_BASELINE_MISMATCH
F3AE000096,F3AP0048,PUBLISHED_NOT_SELECTED_REFERENCE,F3AV007411,ELIGIBLE_FOR_AFINO,,true,false,false,REFERENCE_CONCORDANT
F3AE000097,F3AP0049,PUBLISHED_QPP_REFERENCE,F3AV007489,ELIGIBLE_FOR_AFINO,,true,false,true,REFERENCE_BASELINE_MISMATCH
F3AE000098,F3AP0049,PUBLISHED_NOT_SELECTED_REFERENCE,F3AV007567,ELIGIBLE_FOR_AFINO,,true,false,false,REFERENCE_CONCORDANT
F3AE000099,F3AP0050,PUBLISHED_QPP_REFERENCE,F3AV007645,ELIGIBLE_FOR_AFINO,,true,false,true,REFERENCE_BASELINE_MISMATCH
F3AE000100,F3AP0050,PUBLISHED_NOT_SELECTED_REFERENCE,F3AV007723,ELIGIBLE_FOR_AFINO,,true,false,false,REFERENCE_CONCORDANT
F3AE000101,F3AP0051,PUBLISHED_QPP_REFERENCE,F3AV007801,ELIGIBLE_FOR_AFINO,,true,false,true,REFERENCE_BASELINE_MISMATCH
F3AE000102,F3AP0051,PUBLISHED_NOT_SELECTED_REFERENCE,F3AV007879,ELIGIBLE_FOR_AFINO,,true,false,false,REFERENCE_CONCORDANT
F3AE000103,F3AP0052,PUBLISHED_QPP_REFERENCE,F3AV007957,ELIGIBLE_FOR_AFINO,,true,false,true,REFERENCE_BASELINE_MISMATCH
F3AE000104,F3AP0052,PUBLISHED_NOT_SELECTED_REFERENCE,F3AV008035,ELIGIBLE_FOR_AFINO,,true,false,false,REFERENCE_CONCORDANT
F3AE000105,F3AP0053,PUBLISHED_QPP_REFERENCE,F3AV008113,ELIGIBLE_FOR_AFINO,,true,false,true,REFERENCE_BASELINE_MISMATCH
F3AE000106,F3AP0053,PUBLISHED_NOT_SELECTED_REFERENCE,F3AV008191,ELIGIBLE_FOR_AFINO,,true,false,false,REFERENCE_CONCORDANT
F3AE000107,F3AP0054,PUBLISHED_QPP_REFERENCE,F3AV008269,ELIGIBLE_FOR_AFINO,,true,false,true,REFERENCE_BASELINE_MISMATCH
F3AE000108,F3AP0054,PUBLISHED_NOT_SELECTED_REFERENCE,F3AV008347,ELIGIBLE_FOR_AFINO,,true,false,false,REFERENCE_CONCORDANT
F3AE000109,F3AP0055,PUBLISHED_QPP_REFERENCE,F3AV008425,ELIGIBLE_FOR_AFINO,,true,false,true,REFERENCE_BASELINE_MISMATCH
F3AE000110,F3AP0055,PUBLISHED_NOT_SELECTED_REFERENCE,F3AV008503,INPUT_INADMISSIBLE,TOO_FEW_CADENCES,false,,false,INPUT_INADMISSIBLE
F3AE000111,F3AP0056,PUBLISHED_QPP_REFERENCE,F3AV008581,ELIGIBLE_FOR_AFINO,,true,false,true,REFERENCE_BASELINE_MISMATCH
F3AE000112,F3AP0056,PUBLISHED_NOT_SELECTED_REFERENCE,F3AV008659,ELIGIBLE_FOR_AFINO,,true,false,false,REFERENCE_CONCORDANT
F3AE000113,F3AP0057,PUBLISHED_QPP_REFERENCE,F3AV008737,ELIGIBLE_FOR_AFINO,,true,false,true,REFERENCE_BASELINE_MISMATCH
F3AE000114,F3AP0057,PUBLISHED_NOT_SELECTED_REFERENCE,F3AV008815,ELIGIBLE_FOR_AFINO,,true,false,false,REFERENCE_CONCORDANT
F3AE000115,F3AP0058,PUBLISHED_QPP_REFERENCE,F3AV008893,ELIGIBLE_FOR_AFINO,,true,false,true,REFERENCE_BASELINE_MISMATCH
F3AE000116,F3AP0058,PUBLISHED_NOT_SELECTED_REFERENCE,F3AV008971,ELIGIBLE_FOR_AFINO,,true,false,false,REFERENCE_CONCORDANT
F3AE000117,F3AP0059,PUBLISHED_QPP_REFERENCE,F3AV009049,ELIGIBLE_FOR_AFINO,,true,true,true,REFERENCE_CONCORDANT
F3AE000118,F3AP0059,PUBLISHED_NOT_SELECTED_REFERENCE,F3AV009127,ELIGIBLE_FOR_AFINO,,true,false,false,REFERENCE_CONCORDANT
F3AE000119,F3AP0060,PUBLISHED_QPP_REFERENCE,F3AV009205,ELIGIBLE_FOR_AFINO,,true,true,true,REFERENCE_CONCORDANT
F3AE000120,F3AP0060,PUBLISHED_NOT_SELECTED_REFERENCE,F3AV009283,ELIGIBLE_FOR_AFINO,,true,false,false,REFERENCE_CONCORDANT
F3AE000121,F3AP0061,PUBLISHED_QPP_REFERENCE,F3AV009361,ELIGIBLE_FOR_AFINO,,true,false,true,REFERENCE_BASELINE_MISMATCH
F3AE000122,F3AP0061,PUBLISHED_NOT_SELECTED_REFERENCE,F3AV009439,ELIGIBLE_FOR_AFINO,,true,false,false,REFERENCE_CONCORDANT
