job_id,job_order,planned_decision_id,decision_class,variant_id,event_id,pair_id,observational_role,window_variant_id,processing_profile_id,external_optimizer_seed,model_id,model_name,n_samples,payload_start_offset,payload_end_offset,input_time_sha256,input_flux_sha256,input_fits_index_sha256,source_fits_sha256,median_dt_s,expected_post_cutoff_bin_count,status,bic,log_likelihood,parameters_json,formal_m1_period_s,rchi2,probability,warning_count,warning_types_json,warnings_json,parameter_at_bound,bound_indices_json,bound_hits_json,afino_effective_dt_s,post_cutoff_bin_count,positive_frequency_bin_count,minimum_frequency_hz,maximum_frequency_hz,runtime_seconds,convergence_status,error
F2J000655,655,F2D000379,primary,F2V000379,P2_published_qpp_pdcsap_all,P2,PUBLISHED_QPP_REPRODUCED,WX2,P00,0,M0,pow_const,156,11030,11186,d35261801953a7705b316ff3b9ae69e5cbd82a28ec2d1c34852fc97f5ca8afb4,d50c85b9942ba08323f0dd5e1ac265a59fe8c60b4475909e6faaffd57659fc3b,3b1ea12df192dca03856b582c4e2591f814269251cdb2ea2e2362630410c6025,1ec77983e442d64f17bda373c36a6098d7ca980fc1cae4618c827e322e54b811,19.99993096687831,77,OK,-587.8431724966571,298.2653916701822,"[1.334635113239144,2.169890539306049,-5.831584261885245]",,1.2417183713479236,0.21336532133021305,0,[],[],False,[],[],19.999932296407003,77,77,0.00032051390550997096,0.024679570724267765,0.25594010000349954,NOT_AUDITABLE,
F2J000656,656,F2D000379,primary,F2V000379,P2_published_qpp_pdcsap_all,P2,PUBLISHED_QPP_REPRODUCED,WX2,P00,0,M1,pow_const_gauss,156,11030,11186,d35261801953a7705b316ff3b9ae69e5cbd82a28ec2d1c34852fc97f5ca8afb4,d50c85b9942ba08323f0dd5e1ac265a59fe8c60b4475909e6faaffd57659fc3b,3b1ea12df192dca03856b582c4e2591f814269251cdb2ea2e2362630410c6025,1ec77983e442d64f17bda373c36a6098d7ca980fc1cae4618c827e322e54b811,19.99993096687831,77,OK,-598.669870573815,310.1944488415417,"[1.4479422684146992,2.212226905599055,-6.5401599660711005,-6.127370935077184,-4.294486333792148,0.06823689102994358]",73.29455583732178,0.5318787581951973,0.9449328034464954,0,[],[],False,[],[],19.999932296407003,77,77,0.00032051390550997096,0.024679570724267765,0.6841287999995984,NOT_AUDITABLE,
F2J000657,657,F2D000379,primary,F2V000379,P2_published_qpp_pdcsap_all,P2,PUBLISHED_QPP_REPRODUCED,WX2,P00,0,M2,bpow_const,156,11030,11186,d35261801953a7705b316ff3b9ae69e5cbd82a28ec2d1c34852fc97f5ca8afb4,d50c85b9942ba08323f0dd5e1ac265a59fe8c60b4475909e6faaffd57659fc3b,3b1ea12df192dca03856b582c4e2591f814269251cdb2ea2e2362630410c6025,1ec77983e442d64f17bda373c36a6098d7ca980fc1cae4618c827e322e54b811,19.99993096687831,77,OK,-585.7074662656382,301.5413439765265,"[-18.029339040390717,2.459751420690452,0.0033,1.0387321904116165,-22.32538630010999]",,1.1063768067332271,0.33713659128814466,0,[],[],True,[2],"[{""parameter_index"":2,""side"":""lower"",""value"":0.0033,""bound"":0.0033}]",19.999932296407003,77,77,0.00032051390550997096,0.024679570724267765,0.4917175999726169,NOT_AUDITABLE,
F2J000661,661,F2D000383,primary,F2V000383,P2_published_qpp_pdcsap_all,P2,PUBLISHED_QPP_REPRODUCED,WX2,P04,0,M0,pow_const,156,11342,11498,d35261801953a7705b316ff3b9ae69e5cbd82a28ec2d1c34852fc97f5ca8afb4,15f8846b10aee3a4cb6dcde995b5dce06d44ab3b61ecda83aabee0921276e226,3b1ea12df192dca03856b582c4e2591f814269251cdb2ea2e2362630410c6025,1ec77983e442d64f17bda373c36a6098d7ca980fc1cae4618c827e322e54b811,19.99993096687831,77,OK,-415.0583542396471,211.87298254167723,"[1.694564778926272,1.7386004916068953,-5.338390328011538]",,1.2139472849470276,0.23552484630634427,0,[],[],False,[],[],19.999932296407003,77,77,0.00032051390550997096,0.024679570724267765,0.24910669995006174,NOT_AUDITABLE,
F2J000662,662,F2D000383,primary,F2V000383,P2_published_qpp_pdcsap_all,P2,PUBLISHED_QPP_REPRODUCED,WX2,P04,0,M1,pow_const_gauss,156,11342,11498,d35261801953a7705b316ff3b9ae69e5cbd82a28ec2d1c34852fc97f5ca8afb4,15f8846b10aee3a4cb6dcde995b5dce06d44ab3b61ecda83aabee0921276e226,3b1ea12df192dca03856b582c4e2591f814269251cdb2ea2e2362630410c6025,1ec77983e442d64f17bda373c36a6098d7ca980fc1cae4618c827e322e54b811,19.99993096687831,77,OK,-424.99642060644504,223.35772385785674,"[2.132835866991704,2.0320444329619316,-5.5202631753893465,-4.993868786517819,-4.293651550781766,0.06754050290960453]",73.23339631837061,0.51697996167726,0.9522364294507686,0,[],[],False,[],[],19.999932296407003,77,77,0.00032051390550997096,0.024679570724267765,0.6347416000207886,NOT_AUDITABLE,
F2J000663,663,F2D000383,primary,F2V000383,P2_published_qpp_pdcsap_all,P2,PUBLISHED_QPP_REPRODUCED,WX2,P04,0,M2,bpow_const,156,11342,11498,d35261801953a7705b316ff3b9ae69e5cbd82a28ec2d1c34852fc97f5ca8afb4,15f8846b10aee3a4cb6dcde995b5dce06d44ab3b61ecda83aabee0921276e226,3b1ea12df192dca03856b582c4e2591f814269251cdb2ea2e2362630410c6025,1ec77983e442d64f17bda373c36a6098d7ca980fc1cae4618c827e322e54b811,19.99993096687831,77,OK,-411.5778149648245,214.47651832611962,"[-11.85096217574717,1.6640102898874132,0.015116353009767195,9.0,-5.110618589286217]",,0.96744197901258,0.4954187984692888,0,[],[],True,[3],"[{""parameter_index"":3,""side"":""upper"",""value"":9.0,""bound"":9.0}]",19.999932296407003,77,77,0.00032051390550997096,0.024679570724267765,0.40500749996863306,NOT_AUDITABLE,
F2J000811,811,F2D000457,primary,F2V000457,P2_not_selected_qpp_pdcsap_all,P2,MATCHED_NOT_SELECTED,WX2,P00,0,M0,pow_const,182,20078,20260,4ae6c8547d9f3249eabc060dcb42fe542840cd50f67b5401560864730dac7170,5a3d247be99fa26b62fa9856bedbe0273da22f8ce8878e16f48f71f7943196c7,8a9b5b62e99bfaef87417b93c8f7f19130365e3901c3b5af5739109f15d17107,961d90423e4099701016b92febabebd81f3ae4c047188144f7d88293cbcac726,20.000232283200603,91,OK,-1157.761958402588,583.3807888716243,"[3.326622403049911,3.572309565851005,-8.67707110499873]",,0.8134583297260948,0.7121314557430463,0,[],[],False,[],[],20.00023246011491,90,90,0.0002747220816289416,0.024724987346604742,0.2540644999826327,NOT_AUDITABLE,
F2J000812,812,F2D000457,primary,F2V000457,P2_not_selected_qpp_pdcsap_all,P2,MATCHED_NOT_SELECTED,WX2,P00,0,M1,pow_const_gauss,182,20078,20260,4ae6c8547d9f3249eabc060dcb42fe542840cd50f67b5401560864730dac7170,5a3d247be99fa26b62fa9856bedbe0273da22f8ce8878e16f48f71f7943196c7,8a9b5b62e99bfaef87417b93c8f7f19130365e3901c3b5af5739109f15d17107,961d90423e4099701016b92febabebd81f3ae4c047188144f7d88293cbcac726,20.000232283200603,91,OK,-1152.8707917298311,587.6849200407412,"[3.5479459005697307,3.6871123399325962,-8.955711791118,-9.437840031296282,-4.4234529797509134,0.113133104567791]",83.38371110111406,0.5573453146613175,0.9484205998476095,0,[],[],False,[],[],20.00023246011491,90,90,0.0002747220816289416,0.024724987346604742,0.7499679999891669,NOT_AUDITABLE,
F2J000813,813,F2D000457,primary,F2V000457,P2_not_selected_qpp_pdcsap_all,P2,MATCHED_NOT_SELECTED,WX2,P00,0,M2,bpow_const,182,20078,20260,4ae6c8547d9f3249eabc060dcb42fe542840cd50f67b5401560864730dac7170,5a3d247be99fa26b62fa9856bedbe0273da22f8ce8878e16f48f71f7943196c7,8a9b5b62e99bfaef87417b93c8f7f19130365e3901c3b5af5739109f15d17107,961d90423e4099701016b92febabebd81f3ae4c047188144f7d88293cbcac726,20.000232283200603,91,OK,-1152.9938369688675,585.4965378250943,"[-25.74683767408708,3.5473901894908084,0.006043883675445666,1.0,-12.930204473433578]",,0.6842534640072723,0.8566228324064128,28,"[""RuntimeWarning: invalid value encountered in subtract"",""RuntimeWarning: overflow encountered in exp""]","[{""category"":""RuntimeWarning"",""message"":""overflow encountered in exp"",""filename"":""afino_spectral_models.py"",""lineno"":31},{""category"":""RuntimeWarning"",""message"":""overflow encountered in exp"",""filename"":""afino_spectral_models.py"",""lineno"":31},{""category"":""RuntimeWarning"",""message"":""overflow encountered in exp"",""filename"":""afino_spectral_models.py"",""lineno"":31},{""category"":""RuntimeWarning"",""message"":""overflow encountered in exp"",""filename"":""afino_spectral_models.py"",""lineno"":72},{""category"":""RuntimeWarning"",""message"":""overflow encountered in exp"",""filename"":""afino_spectral_models.py"",""lineno"":73},{""category"":""RuntimeWarning"",""message"":""overflow encountered in exp"",""filename"":""afino_spectral_models.py"",""lineno"":72},{""category"":""RuntimeWarning"",""message"":""overflow encountered in exp"",""filename"":""afino_spectral_models.py"",""lineno"":73},{""category"":""RuntimeWarning"",""message"":""invalid value encountered in subtract"",""filename"":""_numdiff.py"",""lineno"":710},{""category"":""RuntimeWarning"",""message"":""overflow encountered in exp"",""filename"":""afino_spectral_models.py"",""lineno"":72},{""category"":""RuntimeWarning"",""message"":""overflow encountered in exp"",""filename"":""afino_spectral_models.py"",""lineno"":73},{""category"":""RuntimeWarning"",""message"":""invalid value encountered in subtract"",""filename"":""_numdiff.py"",""lineno"":710},{""category"":""RuntimeWarning"",""message"":""overflow encountered in exp"",""filename"":""afino_spectral_models.py"",""lineno"":72},{""category"":""RuntimeWarning"",""message"":""overflow encountered in exp"",""filename"":""afino_spectral_models.py"",""lineno"":73},{""category"":""RuntimeWarning"",""message"":""invalid value encountered in subtract"",""filename"":""_numdiff.py"",""lineno"":710},{""category"":""RuntimeWarning"",""message"":""overflow encountered in exp"",""filename"":""afino_spectral_models.py"",""lineno"":72},{""category"":""RuntimeWarning"",""message"":""overflow encountered in exp"",""filename"":""afino_spectral_models.py"",""lineno"":73},{""category"":""RuntimeWarning"",""message"":""invalid value encountered in subtract"",""filename"":""_numdiff.py"",""lineno"":710},{""category"":""RuntimeWarning"",""message"":""overflow encountered in exp"",""filename"":""afino_spectral_models.py"",""lineno"":72},{""category"":""RuntimeWarning"",""message"":""overflow encountered in exp"",""filename"":""afino_spectral_models.py"",""lineno"":73},{""category"":""RuntimeWarning"",""message"":""invalid value encountered in subtract"",""filename"":""_numdiff.py"",""lineno"":710},{""category"":""RuntimeWarning"",""message"":""overflow encountered in exp"",""filename"":""afino_spectral_models.py"",""lineno"":31},{""category"":""RuntimeWarning"",""message"":""overflow encountered in exp"",""filename"":""afino_spectral_models.py"",""lineno"":31},{""category"":""RuntimeWarning"",""message"":""overflow encountered in exp"",""filename"":""afino_spectral_models.py"",""lineno"":31},{""category"":""RuntimeWarning"",""message"":""overflow encountered in exp"",""filename"":""afino_spectral_models.py"",""lineno"":31},{""category"":""RuntimeWarning"",""message"":""overflow encountered in exp"",""filename"":""afino_spectral_models.py"",""lineno"":31},{""category"":""RuntimeWarning"",""message"":""overflow encountered in exp"",""filename"":""afino_spectral_models.py"",""lineno"":31},{""category"":""RuntimeWarning"",""message"":""overflow encountered in exp"",""filename"":""afino_spectral_models.py"",""lineno"":31},{""category"":""RuntimeWarning"",""message"":""overflow encountered in exp"",""filename"":""afino_spectral_models.py"",""lineno"":31}]",True,[3],"[{""parameter_index"":3,""side"":""lower"",""value"":1.0,""bound"":1.0}]",20.00023246011491,90,90,0.0002747220816289416,0.024724987346604742,0.513130099978298,NOT_AUDITABLE,
F2J000817,817,F2D000461,primary,F2V000461,P2_not_selected_qpp_pdcsap_all,P2,MATCHED_NOT_SELECTED,WX2,P04,0,M0,pow_const,182,20442,20624,4ae6c8547d9f3249eabc060dcb42fe542840cd50f67b5401560864730dac7170,e4ee1f4e1bdf85b2b00e54b95dcba8fe41488a13cd5d7f85a8c58be8c336e790,8a9b5b62e99bfaef87417b93c8f7f19130365e3901c3b5af5739109f15d17107,961d90423e4099701016b92febabebd81f3ae4c047188144f7d88293cbcac726,20.000232283200603,91,OK,-1084.1867389458248,546.5931791432427,"[3.6213452993909363,3.524281384706019,-8.276187490549002]",,0.812507397617529,0.7133637261620238,0,[],[],False,[],[],20.00023246011491,90,90,0.0002747220816289416,0.024724987346604742,0.2579050000058487,NOT_AUDITABLE,
F2J000818,818,F2D000461,primary,F2V000461,P2_not_selected_qpp_pdcsap_all,P2,MATCHED_NOT_SELECTED,WX2,P04,0,M1,pow_const_gauss,182,20442,20624,4ae6c8547d9f3249eabc060dcb42fe542840cd50f67b5401560864730dac7170,e4ee1f4e1bdf85b2b00e54b95dcba8fe41488a13cd5d7f85a8c58be8c336e790,8a9b5b62e99bfaef87417b93c8f7f19130365e3901c3b5af5739109f15d17107,961d90423e4099701016b92febabebd81f3ae4c047188144f7d88293cbcac726,20.000232283200603,91,OK,-1079.1861609105051,550.8426046310782,"[3.866717533195281,3.651479654064438,-8.54762708411087,-9.03036132121284,-4.4231593632772785,0.11310143565211714]",83.3592318638315,0.5600191331612142,0.9470380779597787,0,[],[],False,[],[],20.00023246011491,90,90,0.0002747220816289416,0.024724987346604742,0.7389462999999523,NOT_AUDITABLE,
F2J000819,819,F2D000461,primary,F2V000461,P2_not_selected_qpp_pdcsap_all,P2,MATCHED_NOT_SELECTED,WX2,P04,0,M2,bpow_const,182,20442,20624,4ae6c8547d9f3249eabc060dcb42fe542840cd50f67b5401560864730dac7170,e4ee1f4e1bdf85b2b00e54b95dcba8fe41488a13cd5d7f85a8c58be8c336e790,8a9b5b62e99bfaef87417b93c8f7f19130365e3901c3b5af5739109f15d17107,961d90423e4099701016b92febabebd81f3ae4c047188144f7d88293cbcac726,20.000232283200603,91,OK,-1079.4017297650569,548.7004842231889,"[-25.130565606421108,3.510264252864676,0.00604387847673672,1.0,-16.55149238380998]",,0.6848035218178482,0.8560961420736084,10,"[""RuntimeWarning: overflow encountered in exp""]","[{""category"":""RuntimeWarning"",""message"":""overflow encountered in exp"",""filename"":""afino_spectral_models.py"",""lineno"":31},{""category"":""RuntimeWarning"",""message"":""overflow encountered in exp"",""filename"":""afino_spectral_models.py"",""lineno"":31},{""category"":""RuntimeWarning"",""message"":""overflow encountered in exp"",""filename"":""afino_spectral_models.py"",""lineno"":31},{""category"":""RuntimeWarning"",""message"":""overflow encountered in exp"",""filename"":""afino_spectral_models.py"",""lineno"":31},{""category"":""RuntimeWarning"",""message"":""overflow encountered in exp"",""filename"":""afino_spectral_models.py"",""lineno"":31},{""category"":""RuntimeWarning"",""message"":""overflow encountered in exp"",""filename"":""afino_spectral_models.py"",""lineno"":31},{""category"":""RuntimeWarning"",""message"":""overflow encountered in exp"",""filename"":""afino_spectral_models.py"",""lineno"":31},{""category"":""RuntimeWarning"",""message"":""overflow encountered in exp"",""filename"":""afino_spectral_models.py"",""lineno"":31},{""category"":""RuntimeWarning"",""message"":""overflow encountered in exp"",""filename"":""afino_spectral_models.py"",""lineno"":31},{""category"":""RuntimeWarning"",""message"":""overflow encountered in exp"",""filename"":""afino_spectral_models.py"",""lineno"":31}]",True,[3],"[{""parameter_index"":3,""side"":""lower"",""value"":1.0,""bound"":1.0}]",20.00023246011491,90,90,0.0002747220816289416,0.024724987346604742,0.496707999962382,NOT_AUDITABLE,
F2J000835,835,F2D000469,primary,F2V000469,P3_published_qpp_pdcsap_all,P3,PUBLISHED_QPP_REPRODUCED,W00,P00,0,M0,pow_const,19,21502,21521,133de0c3366958f712bb51a8168dfa174e603829fff3f53f8526458c4cccb95a,ffc856e13ef5db3b632bd070087935a8943fd43e898dd236fa676f9961fa29f9,e27bdf5b0066570a1be18f6f8bde751741c93bac3d27a0ddb433f1cbcc800e2a,c92e5449dc07d57cccdaabc1a2c078a471d4798b29167881a5be156c45f042c4,20.00023251894163,9,OK,-0.9597243265181321,2.6770867405952856,"[1.5602859780211389,3.8996702886314543,-1.8744603739611392]",,1.6098758246065057,0.2029008795843511,0,[],[],False,[],[],20.000232516758842,9,9,0.0026315483534137276,0.023683935180723547,0.2130853999988176,NOT_AUDITABLE,
F2J000836,836,F2D000469,primary,F2V000469,P3_published_qpp_pdcsap_all,P3,PUBLISHED_QPP_REPRODUCED,W00,P00,0,M1,pow_const_gauss,19,21502,21521,133de0c3366958f712bb51a8168dfa174e603829fff3f53f8526458c4cccb95a,ffc856e13ef5db3b632bd070087935a8943fd43e898dd236fa676f9961fa29f9,e27bdf5b0066570a1be18f6f8bde751741c93bac3d27a0ddb433f1cbcc800e2a,c92e5449dc07d57cccdaabc1a2c078a471d4798b29167881a5be156c45f042c4,20.00023251894163,9,OK,-12.5787800222189,11.78245145445,"[2.5804162293090633,4.966385417111184,-20.0,-1.9828287932970732,-3.7849010566468535,0.1070874476791257]",44.031313737389596,0.6735614892874487,0.4118126586689467,0,[],[],True,[2],"[{""parameter_index"":2,""side"":""lower"",""value"":-20.0,""bound"":-20.0}]",20.000232516758842,9,9,0.0026315483534137276,0.023683935180723547,0.840213000017684,NOT_AUDITABLE,
F2J000837,837,F2D000469,primary,F2V000469,P3_published_qpp_pdcsap_all,P3,PUBLISHED_QPP_REPRODUCED,W00,P00,0,M2,bpow_const,19,21502,21521,133de0c3366958f712bb51a8168dfa174e603829fff3f53f8526458c4cccb95a,ffc856e13ef5db3b632bd070087935a8943fd43e898dd236fa676f9961fa29f9,e27bdf5b0066570a1be18f6f8bde751741c93bac3d27a0ddb433f1cbcc800e2a,c92e5449dc07d57cccdaabc1a2c078a471d4798b29167881a5be156c45f042c4,20.00023251894163,9,OK,1.87289027375955,3.458004017792664,"[-11.177458913097778,2.073825653065253,0.005262771073297346,9.0,-1.9517016873366302]",,2.325832667357273,0.12017912224729425,0,[],[],True,[3],"[{""parameter_index"":3,""side"":""upper"",""value"":9.0,""bound"":9.0}]",20.000232516758842,9,9,0.0026315483534137276,0.023683935180723547,0.3859296000446193,NOT_AUDITABLE,
F2J000838,838,F2D000470,primary,F2V000470,P3_published_qpp_pdcsap_all,P3,PUBLISHED_QPP_REPRODUCED,W00,P01,0,M0,pow_const,19,21521,21540,133de0c3366958f712bb51a8168dfa174e603829fff3f53f8526458c4cccb95a,98a61b788eff5d30dcb60b453f8df6aead6861d68191f9005bc70ea3df205c80,e27bdf5b0066570a1be18f6f8bde751741c93bac3d27a0ddb433f1cbcc800e2a,c92e5449dc07d57cccdaabc1a2c078a471d4798b29167881a5be156c45f042c4,20.00023251894163,9,OK,2.6727975873992866,0.8608257836365762,"[1.4380102762656446,3.8148218424759235,-1.5886519295898651]",,1.0606850115683226,0.33907276558130056,0,[],[],False,[],[],20.000232516758842,9,9,0.0026315483534137276,0.023683935180723547,0.19651919999159873,NOT_AUDITABLE,
F2J000839,839,F2D000470,primary,F2V000470,P3_published_qpp_pdcsap_all,P3,PUBLISHED_QPP_REPRODUCED,W00,P01,0,M1,pow_const_gauss,19,21521,21540,133de0c3366958f712bb51a8168dfa174e603829fff3f53f8526458c4cccb95a,98a61b788eff5d30dcb60b453f8df6aead6861d68191f9005bc70ea3df205c80,e27bdf5b0066570a1be18f6f8bde751741c93bac3d27a0ddb433f1cbcc800e2a,c92e5449dc07d57cccdaabc1a2c078a471d4798b29167881a5be156c45f042c4,20.00023251894163,9,OK,0.640722324785866,5.172700280947616,"[2.0962642145899415,4.255649528859245,-20.0,-1.1706155782073353,-3.6888794541139363,0.2490562051086113]",40.0,0.6062695714624197,0.4361958497041065,0,[],[],True,"[2,4]","[{""parameter_index"":2,""side"":""lower"",""value"":-20.0,""bound"":-20.0},{""parameter_index"":4,""side"":""upper"",""value"":-3.6888794541139363,""bound"":-3.6888794541139363}]",20.000232516758842,9,9,0.0026315483534137276,0.023683935180723547,0.8467290000407957,NOT_AUDITABLE,
F2J000840,840,F2D000470,primary,F2V000470,P3_published_qpp_pdcsap_all,P3,PUBLISHED_QPP_REPRODUCED,W00,P01,0,M2,bpow_const,19,21521,21540,133de0c3366958f712bb51a8168dfa174e603829fff3f53f8526458c4cccb95a,98a61b788eff5d30dcb60b453f8df6aead6861d68191f9005bc70ea3df205c80,e27bdf5b0066570a1be18f6f8bde751741c93bac3d27a0ddb433f1cbcc800e2a,c92e5449dc07d57cccdaabc1a2c078a471d4798b29167881a5be156c45f042c4,20.00023251894163,9,OK,6.961514502306008,0.9136919035194353,"[-20.264770724956627,3.65103904028499,0.010526192302533707,1.0,-1.6549831084999775]",,1.4883945709311164,0.22629952778079335,22,"[""RuntimeWarning: invalid value encountered in subtract"",""RuntimeWarning: overflow encountered in exp""]","[{""category"":""RuntimeWarning"",""message"":""overflow encountered in exp"",""filename"":""afino_spectral_models.py"",""lineno"":31},{""category"":""RuntimeWarning"",""message"":""overflow encountered in exp"",""filename"":""afino_spectral_models.py"",""lineno"":31},{""category"":""RuntimeWarning"",""message"":""invalid value encountered in subtract"",""filename"":""_numdiff.py"",""lineno"":710},{""category"":""RuntimeWarning"",""message"":""overflow encountered in exp"",""filename"":""afino_spectral_models.py"",""lineno"":31},{""category"":""RuntimeWarning"",""message"":""invalid value encountered in subtract"",""filename"":""_numdiff.py"",""lineno"":710},{""category"":""RuntimeWarning"",""message"":""overflow encountered in exp"",""filename"":""afino_spectral_models.py"",""lineno"":31},{""category"":""RuntimeWarning"",""message"":""invalid value encountered in subtract"",""filename"":""_numdiff.py"",""lineno"":710},{""category"":""RuntimeWarning"",""message"":""overflow encountered in exp"",""filename"":""afino_spectral_models.py"",""lineno"":31},{""category"":""RuntimeWarning"",""message"":""invalid value encountered in subtract"",""filename"":""_numdiff.py"",""lineno"":710},{""category"":""RuntimeWarning"",""message"":""overflow encountered in exp"",""filename"":""afino_spectral_models.py"",""lineno"":31},{""category"":""RuntimeWarning"",""message"":""invalid value encountered in subtract"",""filename"":""_numdiff.py"",""lineno"":710},{""category"":""RuntimeWarning"",""message"":""overflow encountered in exp"",""filename"":""afino_spectral_models.py"",""lineno"":31},{""category"":""RuntimeWarning"",""message"":""overflow encountered in exp"",""filename"":""afino_spectral_models.py"",""lineno"":31},{""category"":""RuntimeWarning"",""message"":""invalid value encountered in subtract"",""filename"":""_numdiff.py"",""lineno"":710},{""category"":""RuntimeWarning"",""message"":""overflow encountered in exp"",""filename"":""afino_spectral_models.py"",""lineno"":31},{""category"":""RuntimeWarning"",""message"":""invalid value encountered in subtract"",""filename"":""_numdiff.py"",""lineno"":710},{""category"":""RuntimeWarning"",""message"":""overflow encountered in exp"",""filename"":""afino_spectral_models.py"",""lineno"":31},{""category"":""RuntimeWarning"",""message"":""invalid value encountered in subtract"",""filename"":""_numdiff.py"",""lineno"":710},{""category"":""RuntimeWarning"",""message"":""overflow encountered in exp"",""filename"":""afino_spectral_models.py"",""lineno"":31},{""category"":""RuntimeWarning"",""message"":""invalid value encountered in subtract"",""filename"":""_numdiff.py"",""lineno"":710},{""category"":""RuntimeWarning"",""message"":""overflow encountered in exp"",""filename"":""afino_spectral_models.py"",""lineno"":31},{""category"":""RuntimeWarning"",""message"":""invalid value encountered in subtract"",""filename"":""_numdiff.py"",""lineno"":710}]",True,[3],"[{""parameter_index"":3,""side"":""lower"",""value"":1.0,""bound"":1.0}]",20.000232516758842,9,9,0.0026315483534137276,0.023683935180723547,0.4163482000003569,NOT_AUDITABLE,
F2J000841,841,F2D000471,primary,F2V000471,P3_published_qpp_pdcsap_all,P3,PUBLISHED_QPP_REPRODUCED,W00,P02,0,M0,pow_const,19,21540,21559,133de0c3366958f712bb51a8168dfa174e603829fff3f53f8526458c4cccb95a,ffc856e13ef5db3b632bd070087935a8943fd43e898dd236fa676f9961fa29f9,e27bdf5b0066570a1be18f6f8bde751741c93bac3d27a0ddb433f1cbcc800e2a,c92e5449dc07d57cccdaabc1a2c078a471d4798b29167881a5be156c45f042c4,20.00023251894163,9,OK,-0.9597243265181321,2.6770867405952856,"[1.5602859780211389,3.8996702886314543,-1.8744603739611392]",,1.6098758246065057,0.2029008795843511,0,[],[],False,[],[],20.000232516758842,9,9,0.0026315483534137276,0.023683935180723547,0.21258880000095814,NOT_AUDITABLE,
F2J000842,842,F2D000471,primary,F2V000471,P3_published_qpp_pdcsap_all,P3,PUBLISHED_QPP_REPRODUCED,W00,P02,0,M1,pow_const_gauss,19,21540,21559,133de0c3366958f712bb51a8168dfa174e603829fff3f53f8526458c4cccb95a,ffc856e13ef5db3b632bd070087935a8943fd43e898dd236fa676f9961fa29f9,e27bdf5b0066570a1be18f6f8bde751741c93bac3d27a0ddb433f1cbcc800e2a,c92e5449dc07d57cccdaabc1a2c078a471d4798b29167881a5be156c45f042c4,20.00023251894163,9,OK,-12.5787800222189,11.78245145445,"[2.5804162293090633,4.966385417111184,-20.0,-1.9828287932970732,-3.7849010566468535,0.1070874476791257]",44.031313737389596,0.6735614892874487,0.4118126586689467,0,[],[],True,[2],"[{""parameter_index"":2,""side"":""lower"",""value"":-20.0,""bound"":-20.0}]",20.000232516758842,9,9,0.0026315483534137276,0.023683935180723547,0.8557619000202976,NOT_AUDITABLE,
F2J000843,843,F2D000471,primary,F2V000471,P3_published_qpp_pdcsap_all,P3,PUBLISHED_QPP_REPRODUCED,W00,P02,0,M2,bpow_const,19,21540,21559,133de0c3366958f712bb51a8168dfa174e603829fff3f53f8526458c4cccb95a,ffc856e13ef5db3b632bd070087935a8943fd43e898dd236fa676f9961fa29f9,e27bdf5b0066570a1be18f6f8bde751741c93bac3d27a0ddb433f1cbcc800e2a,c92e5449dc07d57cccdaabc1a2c078a471d4798b29167881a5be156c45f042c4,20.00023251894163,9,OK,1.87289027375955,3.458004017792664,"[-11.177458913097778,2.073825653065253,0.005262771073297346,9.0,-1.9517016873366302]",,2.325832667357273,0.12017912224729425,0,[],[],True,[3],"[{""parameter_index"":3,""side"":""upper"",""value"":9.0,""bound"":9.0}]",20.000232516758842,9,9,0.0026315483534137276,0.023683935180723547,0.38850499998079613,NOT_AUDITABLE,
F2J000844,844,F2D000472,primary,F2V000472,P3_published_qpp_pdcsap_all,P3,PUBLISHED_QPP_REPRODUCED,W00,P03,0,M0,pow_const,19,21559,21578,133de0c3366958f712bb51a8168dfa174e603829fff3f53f8526458c4cccb95a,98a61b788eff5d30dcb60b453f8df6aead6861d68191f9005bc70ea3df205c80,e27bdf5b0066570a1be18f6f8bde751741c93bac3d27a0ddb433f1cbcc800e2a,c92e5449dc07d57cccdaabc1a2c078a471d4798b29167881a5be156c45f042c4,20.00023251894163,9,OK,2.6727975873992866,0.8608257836365762,"[1.4380102762656446,3.8148218424759235,-1.5886519295898651]",,1.0606850115683226,0.33907276558130056,0,[],[],False,[],[],20.000232516758842,9,9,0.0026315483534137276,0.023683935180723547,0.19598489999771118,NOT_AUDITABLE,
F2J000845,845,F2D000472,primary,F2V000472,P3_published_qpp_pdcsap_all,P3,PUBLISHED_QPP_REPRODUCED,W00,P03,0,M1,pow_const_gauss,19,21559,21578,133de0c3366958f712bb51a8168dfa174e603829fff3f53f8526458c4cccb95a,98a61b788eff5d30dcb60b453f8df6aead6861d68191f9005bc70ea3df205c80,e27bdf5b0066570a1be18f6f8bde751741c93bac3d27a0ddb433f1cbcc800e2a,c92e5449dc07d57cccdaabc1a2c078a471d4798b29167881a5be156c45f042c4,20.00023251894163,9,OK,0.640722324785866,5.172700280947616,"[2.0962642145899415,4.255649528859245,-20.0,-1.1706155782073353,-3.6888794541139363,0.2490562051086113]",40.0,0.6062695714624197,0.4361958497041065,0,[],[],True,"[2,4]","[{""parameter_index"":2,""side"":""lower"",""value"":-20.0,""bound"":-20.0},{""parameter_index"":4,""side"":""upper"",""value"":-3.6888794541139363,""bound"":-3.6888794541139363}]",20.000232516758842,9,9,0.0026315483534137276,0.023683935180723547,0.8348168000229634,NOT_AUDITABLE,
F2J000846,846,F2D000472,primary,F2V000472,P3_published_qpp_pdcsap_all,P3,PUBLISHED_QPP_REPRODUCED,W00,P03,0,M2,bpow_const,19,21559,21578,133de0c3366958f712bb51a8168dfa174e603829fff3f53f8526458c4cccb95a,98a61b788eff5d30dcb60b453f8df6aead6861d68191f9005bc70ea3df205c80,e27bdf5b0066570a1be18f6f8bde751741c93bac3d27a0ddb433f1cbcc800e2a,c92e5449dc07d57cccdaabc1a2c078a471d4798b29167881a5be156c45f042c4,20.00023251894163,9,OK,6.961514502306008,0.9136919035194353,"[-20.264770724956627,3.65103904028499,0.010526192302533707,1.0,-1.6549831084999775]",,1.4883945709311164,0.22629952778079335,22,"[""RuntimeWarning: invalid value encountered in subtract"",""RuntimeWarning: overflow encountered in exp""]","[{""category"":""RuntimeWarning"",""message"":""overflow encountered in exp"",""filename"":""afino_spectral_models.py"",""lineno"":31},{""category"":""RuntimeWarning"",""message"":""overflow encountered in exp"",""filename"":""afino_spectral_models.py"",""lineno"":31},{""category"":""RuntimeWarning"",""message"":""invalid value encountered in subtract"",""filename"":""_numdiff.py"",""lineno"":710},{""category"":""RuntimeWarning"",""message"":""overflow encountered in exp"",""filename"":""afino_spectral_models.py"",""lineno"":31},{""category"":""RuntimeWarning"",""message"":""invalid value encountered in subtract"",""filename"":""_numdiff.py"",""lineno"":710},{""category"":""RuntimeWarning"",""message"":""overflow encountered in exp"",""filename"":""afino_spectral_models.py"",""lineno"":31},{""category"":""RuntimeWarning"",""message"":""invalid value encountered in subtract"",""filename"":""_numdiff.py"",""lineno"":710},{""category"":""RuntimeWarning"",""message"":""overflow encountered in exp"",""filename"":""afino_spectral_models.py"",""lineno"":31},{""category"":""RuntimeWarning"",""message"":""invalid value encountered in subtract"",""filename"":""_numdiff.py"",""lineno"":710},{""category"":""RuntimeWarning"",""message"":""overflow encountered in exp"",""filename"":""afino_spectral_models.py"",""lineno"":31},{""category"":""RuntimeWarning"",""message"":""invalid value encountered in subtract"",""filename"":""_numdiff.py"",""lineno"":710},{""category"":""RuntimeWarning"",""message"":""overflow encountered in exp"",""filename"":""afino_spectral_models.py"",""lineno"":31},{""category"":""RuntimeWarning"",""message"":""overflow encountered in exp"",""filename"":""afino_spectral_models.py"",""lineno"":31},{""category"":""RuntimeWarning"",""message"":""invalid value encountered in subtract"",""filename"":""_numdiff.py"",""lineno"":710},{""category"":""RuntimeWarning"",""message"":""overflow encountered in exp"",""filename"":""afino_spectral_models.py"",""lineno"":31},{""category"":""RuntimeWarning"",""message"":""invalid value encountered in subtract"",""filename"":""_numdiff.py"",""lineno"":710},{""category"":""RuntimeWarning"",""message"":""overflow encountered in exp"",""filename"":""afino_spectral_models.py"",""lineno"":31},{""category"":""RuntimeWarning"",""message"":""invalid value encountered in subtract"",""filename"":""_numdiff.py"",""lineno"":710},{""category"":""RuntimeWarning"",""message"":""overflow encountered in exp"",""filename"":""afino_spectral_models.py"",""lineno"":31},{""category"":""RuntimeWarning"",""message"":""invalid value encountered in subtract"",""filename"":""_numdiff.py"",""lineno"":710},{""category"":""RuntimeWarning"",""message"":""overflow encountered in exp"",""filename"":""afino_spectral_models.py"",""lineno"":31},{""category"":""RuntimeWarning"",""message"":""invalid value encountered in subtract"",""filename"":""_numdiff.py"",""lineno"":710}]",True,[3],"[{""parameter_index"":3,""side"":""lower"",""value"":1.0,""bound"":1.0}]",20.000232516758842,9,9,0.0026315483534137276,0.023683935180723547,0.41202499996870756,NOT_AUDITABLE,
F2J000847,847,F2D000473,primary,F2V000473,P3_published_qpp_pdcsap_all,P3,PUBLISHED_QPP_REPRODUCED,W00,P04,0,M0,pow_const,19,21578,21597,133de0c3366958f712bb51a8168dfa174e603829fff3f53f8526458c4cccb95a,5b56b32127f48434adc58b6f87d600d00f296c901717c4e87ba913e281faf669,e27bdf5b0066570a1be18f6f8bde751741c93bac3d27a0ddb433f1cbcc800e2a,c92e5449dc07d57cccdaabc1a2c078a471d4798b29167881a5be156c45f042c4,20.00023251894163,9,OK,2.21729763818185,1.0885757582452946,"[1.483892348271063,3.787067004445651,-1.638394692795157]",,1.5635333333445953,0.2118126465352223,0,[],[],False,[],[],20.000232516758842,9,9,0.0026315483534137276,0.023683935180723547,0.19200780004030094,NOT_AUDITABLE,
F2J000848,848,F2D000473,primary,F2V000473,P3_published_qpp_pdcsap_all,P3,PUBLISHED_QPP_REPRODUCED,W00,P04,0,M1,pow_const_gauss,19,21578,21597,133de0c3366958f712bb51a8168dfa174e603829fff3f53f8526458c4cccb95a,5b56b32127f48434adc58b6f87d600d00f296c901717c4e87ba913e281faf669,e27bdf5b0066570a1be18f6f8bde751741c93bac3d27a0ddb433f1cbcc800e2a,c92e5449dc07d57cccdaabc1a2c078a471d4798b29167881a5be156c45f042c4,20.00023251894163,9,OK,-9.05099898467991,10.018560935680505,"[2.51498320398493,4.725401756904498,-20.0,-1.7633663942905236,-3.789226393933901,0.10402081724845733]",44.22217649583494,0.6138413532827106,0.4333451279030879,0,[],[],True,[2],"[{""parameter_index"":2,""side"":""lower"",""value"":-20.0,""bound"":-20.0}]",20.000232516758842,9,9,0.0026315483534137276,0.023683935180723547,0.7876647000084631,NOT_AUDITABLE,
F2J000849,849,F2D000473,primary,F2V000473,P3_published_qpp_pdcsap_all,P3,PUBLISHED_QPP_REPRODUCED,W00,P04,0,M2,bpow_const,19,21578,21597,133de0c3366958f712bb51a8168dfa174e603829fff3f53f8526458c4cccb95a,5b56b32127f48434adc58b6f87d600d00f296c901717c4e87ba913e281faf669,e27bdf5b0066570a1be18f6f8bde751741c93bac3d27a0ddb433f1cbcc800e2a,c92e5449dc07d57cccdaabc1a2c078a471d4798b29167881a5be156c45f042c4,20.00023251894163,9,OK,6.498749232618758,1.14507453836306,"[-20.098064102449975,3.6286183178043596,0.013157710069186103,1.0,-1.6790399173229145]",,2.195377242138027,0.1323397703557214,0,[],[],True,[3],"[{""parameter_index"":3,""side"":""lower"",""value"":1.0,""bound"":1.0}]",20.000232516758842,9,9,0.0026315483534137276,0.023683935180723547,0.42137759999604896,NOT_AUDITABLE,
F2J000850,850,F2D000474,primary,F2V000474,P3_published_qpp_pdcsap_all,P3,PUBLISHED_QPP_REPRODUCED,W00,P05,0,M0,pow_const,19,21597,21616,133de0c3366958f712bb51a8168dfa174e603829fff3f53f8526458c4cccb95a,27ef0b1a9fd96b250af2fc4fd359bcb13e5464cc7de8ecc82ae2342a2e6aff0c,e27bdf5b0066570a1be18f6f8bde751741c93bac3d27a0ddb433f1cbcc800e2a,c92e5449dc07d57cccdaabc1a2c078a471d4798b29167881a5be156c45f042c4,20.00023251894163,9,OK,6.194809769831138,-0.9001803075793493,"[1.3634233901121346,3.7520738155004523,-1.329230347864651]",,1.0246668733560595,0.3508223566861475,0,[],[],False,[],[],20.000232516758842,9,9,0.0026315483534137276,0.023683935180723547,0.19370949995936826,NOT_AUDITABLE,
F2J000851,851,F2D000474,primary,F2V000474,P3_published_qpp_pdcsap_all,P3,PUBLISHED_QPP_REPRODUCED,W00,P05,0,M1,pow_const_gauss,19,21597,21616,133de0c3366958f712bb51a8168dfa174e603829fff3f53f8526458c4cccb95a,27ef0b1a9fd96b250af2fc4fd359bcb13e5464cc7de8ecc82ae2342a2e6aff0c,e27bdf5b0066570a1be18f6f8bde751741c93bac3d27a0ddb433f1cbcc800e2a,c92e5449dc07d57cccdaabc1a2c078a471d4798b29167881a5be156c45f042c4,20.00023251894163,9,OK,4.44929447528369,3.2684142056987042,"[1.9649825361089657,3.9072710069753356,-20.0,-0.9167715675915623,-3.6888794541139363,0.24819601560569998]",40.0,0.48967982966614115,0.4840701598559499,0,[],[],True,"[2,4]","[{""parameter_index"":2,""side"":""lower"",""value"":-20.0,""bound"":-20.0},{""parameter_index"":4,""side"":""upper"",""value"":-3.6888794541139363,""bound"":-3.6888794541139363}]",20.000232516758842,9,9,0.0026315483534137276,0.023683935180723547,0.8100802000262775,NOT_AUDITABLE,
F2J000852,852,F2D000474,primary,F2V000474,P3_published_qpp_pdcsap_all,P3,PUBLISHED_QPP_REPRODUCED,W00,P05,0,M2,bpow_const,19,21597,21616,133de0c3366958f712bb51a8168dfa174e603829fff3f53f8526458c4cccb95a,27ef0b1a9fd96b250af2fc4fd359bcb13e5464cc7de8ecc82ae2342a2e6aff0c,e27bdf5b0066570a1be18f6f8bde751741c93bac3d27a0ddb433f1cbcc800e2a,c92e5449dc07d57cccdaabc1a2c078a471d4798b29167881a5be156c45f042c4,20.00023251894163,9,OK,10.053032051587794,-0.6320668711214577,"[-4.7942511575165225,1.0,0.004076735430388906,5.3643418135012295,-1.3819943113321183]",,1.4546024811246347,0.2323561241906614,19,"[""RuntimeWarning: invalid value encountered in subtract"",""RuntimeWarning: overflow encountered in exp""]","[{""category"":""RuntimeWarning"",""message"":""overflow encountered in exp"",""filename"":""afino_spectral_models.py"",""lineno"":31},{""category"":""RuntimeWarning"",""message"":""overflow encountered in exp"",""filename"":""afino_spectral_models.py"",""lineno"":31},{""category"":""RuntimeWarning"",""message"":""overflow encountered in exp"",""filename"":""afino_spectral_models.py"",""lineno"":72},{""category"":""RuntimeWarning"",""message"":""overflow encountered in exp"",""filename"":""afino_spectral_models.py"",""lineno"":73},{""category"":""RuntimeWarning"",""message"":""overflow encountered in exp"",""filename"":""afino_spectral_models.py"",""lineno"":72},{""category"":""RuntimeWarning"",""message"":""overflow encountered in exp"",""filename"":""afino_spectral_models.py"",""lineno"":73},{""category"":""RuntimeWarning"",""message"":""invalid value encountered in subtract"",""filename"":""_numdiff.py"",""lineno"":710},{""category"":""RuntimeWarning"",""message"":""overflow encountered in exp"",""filename"":""afino_spectral_models.py"",""lineno"":72},{""category"":""RuntimeWarning"",""message"":""overflow encountered in exp"",""filename"":""afino_spectral_models.py"",""lineno"":73},{""category"":""RuntimeWarning"",""message"":""invalid value encountered in subtract"",""filename"":""_numdiff.py"",""lineno"":710},{""category"":""RuntimeWarning"",""message"":""overflow encountered in exp"",""filename"":""afino_spectral_models.py"",""lineno"":72},{""category"":""RuntimeWarning"",""message"":""overflow encountered in exp"",""filename"":""afino_spectral_models.py"",""lineno"":73},{""category"":""RuntimeWarning"",""message"":""invalid value encountered in subtract"",""filename"":""_numdiff.py"",""lineno"":710},{""category"":""RuntimeWarning"",""message"":""overflow encountered in exp"",""filename"":""afino_spectral_models.py"",""lineno"":72},{""category"":""RuntimeWarning"",""message"":""overflow encountered in exp"",""filename"":""afino_spectral_models.py"",""lineno"":73},{""category"":""RuntimeWarning"",""message"":""invalid value encountered in subtract"",""filename"":""_numdiff.py"",""lineno"":710},{""category"":""RuntimeWarning"",""message"":""overflow encountered in exp"",""filename"":""afino_spectral_models.py"",""lineno"":72},{""category"":""RuntimeWarning"",""message"":""overflow encountered in exp"",""filename"":""afino_spectral_models.py"",""lineno"":73},{""category"":""RuntimeWarning"",""message"":""invalid value encountered in subtract"",""filename"":""_numdiff.py"",""lineno"":710}]",True,[1],"[{""parameter_index"":1,""side"":""lower"",""value"":1.0,""bound"":1.0}]",20.000232516758842,9,9,0.0026315483534137276,0.023683935180723547,0.4240622000070289,NOT_AUDITABLE,
F2J001069,1069,F2D000547,primary,F2V000547,P3_not_selected_qpp_pdcsap_all,P3,MATCHED_NOT_SELECTED,W00,P00,0,M0,pow_const,16,22984,23000,1b9215ab9acb5928e4ef562ecce48290b8d468ca3445482ec78a0ab934bfb642,bb86319e862bea5faf55ec1e647160359e5b78e970b67d78d2714e21ec8c614f,0ced5fe79eece502d26a58b30b976948e92a4594fd2d7d82bb860707f5349f65,c92e5449dc07d57cccdaabc1a2c078a471d4798b29167881a5be156c45f042c4,19.99999108084012,7,OK,-16.522256456196683,10.207038377153655,"[1.204711975925736,3.3953652108656516,-4.454141662224608]",,0.32670903843435073,0.6172715114568776,0,[],[],False,[],[],19.99997770646587,7,7,0.0031250034833685907,0.021875024383580136,0.21082819998264313,NOT_AUDITABLE,
F2J001070,1070,F2D000547,primary,F2V000547,P3_not_selected_qpp_pdcsap_all,P3,MATCHED_NOT_SELECTED,W00,P00,0,M1,pow_const_gauss,16,22984,23000,1b9215ab9acb5928e4ef562ecce48290b8d468ca3445482ec78a0ab934bfb642,bb86319e862bea5faf55ec1e647160359e5b78e970b67d78d2714e21ec8c614f,0ced5fe79eece502d26a58b30b976948e92a4594fd2d7d82bb860707f5349f65,c92e5449dc07d57cccdaabc1a2c078a471d4798b29167881a5be156c45f042c4,19.99999108084012,7,OK,-11.32939501348012,10.529472879378343,"[1.2956953460210814,3.3906707537076493,-19.243785639834343,-5.1827638335612365,-3.892103977660836,0.05]",49.01390226976184,1.1075750279790924,0.2408098868542201,0,[],[],True,[5],"[{""parameter_index"":5,""side"":""lower"",""value"":0.05,""bound"":0.05}]",19.99997770646587,7,7,0.0031250034833685907,0.021875024383580136,0.7160110999830067,NOT_AUDITABLE,
F2J001071,1071,F2D000547,primary,F2V000547,P3_not_selected_qpp_pdcsap_all,P3,MATCHED_NOT_SELECTED,W00,P00,0,M2,bpow_const,16,22984,23000,1b9215ab9acb5928e4ef562ecce48290b8d468ca3445482ec78a0ab934bfb642,bb86319e862bea5faf55ec1e647160359e5b78e970b67d78d2714e21ec8c614f,0ced5fe79eece502d26a58b30b976948e92a4594fd2d7d82bb860707f5349f65,c92e5449dc07d57cccdaabc1a2c078a471d4798b29167881a5be156c45f042c4,19.99999108084012,7,OK,-12.950548688220742,10.367094642220998,"[-17.038139058613197,3.154901238184471,0.01562501317883993,1.0,-6.598820995522693]",,0.5508437179159734,0.4103684826585522,0,[],[],True,[3],"[{""parameter_index"":3,""side"":""lower"",""value"":1.0,""bound"":1.0}]",19.99997770646587,7,7,0.0031250034833685907,0.021875024383580136,0.35125419998075813,NOT_AUDITABLE,
F2J001072,1072,F2D000548,primary,F2V000548,P3_not_selected_qpp_pdcsap_all,P3,MATCHED_NOT_SELECTED,W00,P01,0,M0,pow_const,16,23000,23016,1b9215ab9acb5928e4ef562ecce48290b8d468ca3445482ec78a0ab934bfb642,110a3956e0b149501b2d6918aac79208a101b8093f7800454e80d5a6568a9e90,0ced5fe79eece502d26a58b30b976948e92a4594fd2d7d82bb860707f5349f65,c92e5449dc07d57cccdaabc1a2c078a471d4798b29167881a5be156c45f042c4,19.99999108084012,7,OK,-17.618614989146497,10.755217643628562,"[1.2431153292860537,3.471211314676844,-4.622810079699627]",,0.306394580114773,0.6306063166887511,0,[],[],False,[],[],19.99997770646587,7,7,0.0031250034833685907,0.021875024383580136,0.20190800004638731,NOT_AUDITABLE,
F2J001073,1073,F2D000548,primary,F2V000548,P3_not_selected_qpp_pdcsap_all,P3,MATCHED_NOT_SELECTED,W00,P01,0,M1,pow_const_gauss,16,23000,23016,1b9215ab9acb5928e4ef562ecce48290b8d468ca3445482ec78a0ab934bfb642,110a3956e0b149501b2d6918aac79208a101b8093f7800454e80d5a6568a9e90,0ced5fe79eece502d26a58b30b976948e92a4594fd2d7d82bb860707f5349f65,c92e5449dc07d57cccdaabc1a2c078a471d4798b29167881a5be156c45f042c4,19.99999108084012,7,OK,-12.416181896285433,11.072866320781,"[1.319073651694106,3.4569248810663096,-19.243691890108103,-5.4012682965716525,-3.8883986058134563,0.05]",48.83262359601802,0.9097151799135513,0.2706892532267861,0,[],[],True,[5],"[{""parameter_index"":5,""side"":""lower"",""value"":0.05,""bound"":0.05}]",19.99997770646587,7,7,0.0031250034833685907,0.021875024383580136,0.7767462999909185,NOT_AUDITABLE,
F2J001074,1074,F2D000548,primary,F2V000548,P3_not_selected_qpp_pdcsap_all,P3,MATCHED_NOT_SELECTED,W00,P01,0,M2,bpow_const,16,23000,23016,1b9215ab9acb5928e4ef562ecce48290b8d468ca3445482ec78a0ab934bfb642,110a3956e0b149501b2d6918aac79208a101b8093f7800454e80d5a6568a9e90,0ced5fe79eece502d26a58b30b976948e92a4594fd2d7d82bb860707f5349f65,c92e5449dc07d57cccdaabc1a2c078a471d4798b29167881a5be156c45f042c4,19.99999108084012,7,OK,-14.072478069701962,10.928059332961608,"[-17.416228397644574,3.2258463533280386,0.015625013637642623,1.0,-8.017655592559755]",,0.4991517033619898,0.42892453207277037,0,[],[],True,[3],"[{""parameter_index"":3,""side"":""lower"",""value"":1.0,""bound"":1.0}]",19.99997770646587,7,7,0.0031250034833685907,0.021875024383580136,0.36314620001940057,NOT_AUDITABLE,
F2J001075,1075,F2D000549,primary,F2V000549,P3_not_selected_qpp_pdcsap_all,P3,MATCHED_NOT_SELECTED,W00,P02,0,M0,pow_const,16,23016,23032,1b9215ab9acb5928e4ef562ecce48290b8d468ca3445482ec78a0ab934bfb642,bb86319e862bea5faf55ec1e647160359e5b78e970b67d78d2714e21ec8c614f,0ced5fe79eece502d26a58b30b976948e92a4594fd2d7d82bb860707f5349f65,c92e5449dc07d57cccdaabc1a2c078a471d4798b29167881a5be156c45f042c4,19.99999108084012,7,OK,-16.522256456196683,10.207038377153655,"[1.204711975925736,3.3953652108656516,-4.454141662224608]",,0.32670903843435073,0.6172715114568776,0,[],[],False,[],[],19.99997770646587,7,7,0.0031250034833685907,0.021875024383580136,0.20880610001040623,NOT_AUDITABLE,
F2J001076,1076,F2D000549,primary,F2V000549,P3_not_selected_qpp_pdcsap_all,P3,MATCHED_NOT_SELECTED,W00,P02,0,M1,pow_const_gauss,16,23016,23032,1b9215ab9acb5928e4ef562ecce48290b8d468ca3445482ec78a0ab934bfb642,bb86319e862bea5faf55ec1e647160359e5b78e970b67d78d2714e21ec8c614f,0ced5fe79eece502d26a58b30b976948e92a4594fd2d7d82bb860707f5349f65,c92e5449dc07d57cccdaabc1a2c078a471d4798b29167881a5be156c45f042c4,19.99999108084012,7,OK,-11.32939501348012,10.529472879378343,"[1.2956953460210814,3.3906707537076493,-19.243785639834343,-5.1827638335612365,-3.892103977660836,0.05]",49.01390226976184,1.1075750279790924,0.2408098868542201,0,[],[],True,[5],"[{""parameter_index"":5,""side"":""lower"",""value"":0.05,""bound"":0.05}]",19.99997770646587,7,7,0.0031250034833685907,0.021875024383580136,0.7207225000020117,NOT_AUDITABLE,
F2J001077,1077,F2D000549,primary,F2V000549,P3_not_selected_qpp_pdcsap_all,P3,MATCHED_NOT_SELECTED,W00,P02,0,M2,bpow_const,16,23016,23032,1b9215ab9acb5928e4ef562ecce48290b8d468ca3445482ec78a0ab934bfb642,bb86319e862bea5faf55ec1e647160359e5b78e970b67d78d2714e21ec8c614f,0ced5fe79eece502d26a58b30b976948e92a4594fd2d7d82bb860707f5349f65,c92e5449dc07d57cccdaabc1a2c078a471d4798b29167881a5be156c45f042c4,19.99999108084012,7,OK,-12.950548688220742,10.367094642220998,"[-17.038139058613197,3.154901238184471,0.01562501317883993,1.0,-6.598820995522693]",,0.5508437179159734,0.4103684826585522,0,[],[],True,[3],"[{""parameter_index"":3,""side"":""lower"",""value"":1.0,""bound"":1.0}]",19.99997770646587,7,7,0.0031250034833685907,0.021875024383580136,0.35357129998737946,NOT_AUDITABLE,
F2J001078,1078,F2D000550,primary,F2V000550,P3_not_selected_qpp_pdcsap_all,P3,MATCHED_NOT_SELECTED,W00,P03,0,M0,pow_const,16,23032,23048,1b9215ab9acb5928e4ef562ecce48290b8d468ca3445482ec78a0ab934bfb642,110a3956e0b149501b2d6918aac79208a101b8093f7800454e80d5a6568a9e90,0ced5fe79eece502d26a58b30b976948e92a4594fd2d7d82bb860707f5349f65,c92e5449dc07d57cccdaabc1a2c078a471d4798b29167881a5be156c45f042c4,19.99999108084012,7,OK,-17.618614989146497,10.755217643628562,"[1.2431153292860537,3.471211314676844,-4.622810079699627]",,0.306394580114773,0.6306063166887511,0,[],[],False,[],[],19.99997770646587,7,7,0.0031250034833685907,0.021875024383580136,0.20306089997757226,NOT_AUDITABLE,
F2J001079,1079,F2D000550,primary,F2V000550,P3_not_selected_qpp_pdcsap_all,P3,MATCHED_NOT_SELECTED,W00,P03,0,M1,pow_const_gauss,16,23032,23048,1b9215ab9acb5928e4ef562ecce48290b8d468ca3445482ec78a0ab934bfb642,110a3956e0b149501b2d6918aac79208a101b8093f7800454e80d5a6568a9e90,0ced5fe79eece502d26a58b30b976948e92a4594fd2d7d82bb860707f5349f65,c92e5449dc07d57cccdaabc1a2c078a471d4798b29167881a5be156c45f042c4,19.99999108084012,7,OK,-12.416181896285433,11.072866320781,"[1.319073651694106,3.4569248810663096,-19.243691890108103,-5.4012682965716525,-3.8883986058134563,0.05]",48.83262359601802,0.9097151799135513,0.2706892532267861,0,[],[],True,[5],"[{""parameter_index"":5,""side"":""lower"",""value"":0.05,""bound"":0.05}]",19.99997770646587,7,7,0.0031250034833685907,0.021875024383580136,0.7730986000387929,NOT_AUDITABLE,
F2J001080,1080,F2D000550,primary,F2V000550,P3_not_selected_qpp_pdcsap_all,P3,MATCHED_NOT_SELECTED,W00,P03,0,M2,bpow_const,16,23032,23048,1b9215ab9acb5928e4ef562ecce48290b8d468ca3445482ec78a0ab934bfb642,110a3956e0b149501b2d6918aac79208a101b8093f7800454e80d5a6568a9e90,0ced5fe79eece502d26a58b30b976948e92a4594fd2d7d82bb860707f5349f65,c92e5449dc07d57cccdaabc1a2c078a471d4798b29167881a5be156c45f042c4,19.99999108084012,7,OK,-14.072478069701962,10.928059332961608,"[-17.416228397644574,3.2258463533280386,0.015625013637642623,1.0,-8.017655592559755]",,0.4991517033619898,0.42892453207277037,0,[],[],True,[3],"[{""parameter_index"":3,""side"":""lower"",""value"":1.0,""bound"":1.0}]",19.99997770646587,7,7,0.0031250034833685907,0.021875024383580136,0.3620309999678284,NOT_AUDITABLE,
F2J001081,1081,F2D000551,primary,F2V000551,P3_not_selected_qpp_pdcsap_all,P3,MATCHED_NOT_SELECTED,W00,P04,0,M0,pow_const,16,23048,23064,1b9215ab9acb5928e4ef562ecce48290b8d468ca3445482ec78a0ab934bfb642,00eebb1b9838098d4fe3337cad02b65265a849c9c1d6f664c9efc79080f5c652,0ced5fe79eece502d26a58b30b976948e92a4594fd2d7d82bb860707f5349f65,c92e5449dc07d57cccdaabc1a2c078a471d4798b29167881a5be156c45f042c4,19.99999108084012,7,OK,-17.562881704810376,10.727351001460502,"[1.2789763289169602,3.5080956755328683,-4.607301770487704]",,0.3253380580282001,0.6181561950457701,0,[],[],False,[],[],19.99997770646587,7,7,0.0031250034833685907,0.021875024383580136,0.19241740001598373,NOT_AUDITABLE,
F2J001082,1082,F2D000551,primary,F2V000551,P3_not_selected_qpp_pdcsap_all,P3,MATCHED_NOT_SELECTED,W00,P04,0,M1,pow_const_gauss,16,23048,23064,1b9215ab9acb5928e4ef562ecce48290b8d468ca3445482ec78a0ab934bfb642,00eebb1b9838098d4fe3337cad02b65265a849c9c1d6f664c9efc79080f5c652,0ced5fe79eece502d26a58b30b976948e92a4594fd2d7d82bb860707f5349f65,c92e5449dc07d57cccdaabc1a2c078a471d4798b29167881a5be156c45f042c4,19.99999108084012,7,OK,-12.455581557904186,11.092566151590376,"[1.3896487648327653,3.550011693291725,-19.811137853982384,-5.288123271720593,-3.8920366799416146,0.05003023278950544]",49.010603856918024,1.0696774574903871,0.24609311625935343,0,[],[],False,[],[],19.99997770646587,7,7,0.0031250034833685907,0.021875024383580136,0.7848722999915481,NOT_AUDITABLE,
F2J001083,1083,F2D000551,primary,F2V000551,P3_not_selected_qpp_pdcsap_all,P3,MATCHED_NOT_SELECTED,W00,P04,0,M2,bpow_const,16,23048,23064,1b9215ab9acb5928e4ef562ecce48290b8d468ca3445482ec78a0ab934bfb642,00eebb1b9838098d4fe3337cad02b65265a849c9c1d6f664c9efc79080f5c652,0ced5fe79eece502d26a58b30b976948e92a4594fd2d7d82bb860707f5349f65,c92e5449dc07d57cccdaabc1a2c078a471d4798b29167881a5be156c45f042c4,19.99999108084012,7,OK,-14.045838948458048,10.91473977233965,"[-17.597973406573285,3.2632957781920995,0.015625014149374828,1.0,-7.362762542331166]",,0.5373536609539973,0.415067977123479,0,[],[],True,[3],"[{""parameter_index"":3,""side"":""lower"",""value"":1.0,""bound"":1.0}]",19.99997770646587,7,7,0.0031250034833685907,0.021875024383580136,0.3613384999916889,NOT_AUDITABLE,
F2J001084,1084,F2D000552,primary,F2V000552,P3_not_selected_qpp_pdcsap_all,P3,MATCHED_NOT_SELECTED,W00,P05,0,M0,pow_const,16,23064,23080,1b9215ab9acb5928e4ef562ecce48290b8d468ca3445482ec78a0ab934bfb642,c78ba960b78e4960b824b87fa91482b0d00eec5b3fbaf136f775f64ec25d6121,0ced5fe79eece502d26a58b30b976948e92a4594fd2d7d82bb860707f5349f65,c92e5449dc07d57cccdaabc1a2c078a471d4798b29167881a5be156c45f042c4,19.99999108084012,7,OK,-18.672182787196903,11.282001542653765,"[1.322740935679002,3.593584666636975,-4.771228974472845]",,0.3150191696984726,0.6248849611522702,0,[],[],False,[],[],19.99997770646587,7,7,0.0031250034833685907,0.021875024383580136,0.20086739998077974,NOT_AUDITABLE,
F2J001085,1085,F2D000552,primary,F2V000552,P3_not_selected_qpp_pdcsap_all,P3,MATCHED_NOT_SELECTED,W00,P05,0,M1,pow_const_gauss,16,23064,23080,1b9215ab9acb5928e4ef562ecce48290b8d468ca3445482ec78a0ab934bfb642,c78ba960b78e4960b824b87fa91482b0d00eec5b3fbaf136f775f64ec25d6121,0ced5fe79eece502d26a58b30b976948e92a4594fd2d7d82bb860707f5349f65,c92e5449dc07d57cccdaabc1a2c078a471d4798b29167881a5be156c45f042c4,19.99999108084012,7,OK,-13.556715219786728,11.643132982531647,"[1.4167789832636886,3.6207296247011587,-19.787191132730342,-5.501309169149575,-3.8884935228713404,0.05]",48.83725886495807,0.8972158199242056,0.2727880548886978,0,[],[],True,[5],"[{""parameter_index"":5,""side"":""lower"",""value"":0.05,""bound"":0.05}]",19.99997770646587,7,7,0.0031250034833685907,0.021875024383580136,0.800711499992758,NOT_AUDITABLE,
F2J001086,1086,F2D000552,primary,F2V000552,P3_not_selected_qpp_pdcsap_all,P3,MATCHED_NOT_SELECTED,W00,P05,0,M2,bpow_const,16,23064,23080,1b9215ab9acb5928e4ef562ecce48290b8d468ca3445482ec78a0ab934bfb642,c78ba960b78e4960b824b87fa91482b0d00eec5b3fbaf136f775f64ec25d6121,0ced5fe79eece502d26a58b30b976948e92a4594fd2d7d82bb860707f5349f65,c92e5449dc07d57cccdaabc1a2c078a471d4798b29167881a5be156c45f042c4,19.99999108084012,7,OK,-15.182214975221601,11.482927785721428,"[-18.052373980960475,3.348651275295824,0.015625011263421952,1.0,-19.243770177492582]",,0.5019150667803693,0.4278936489449524,0,[],[],True,[3],"[{""parameter_index"":3,""side"":""lower"",""value"":1.0,""bound"":1.0}]",19.99997770646587,7,7,0.0031250034833685907,0.021875024383580136,0.34101159998681396,NOT_AUDITABLE,
F2J002245,2245,F2D001105,stability,F2V000469,P3_published_qpp_pdcsap_all,P3,PUBLISHED_QPP_REPRODUCED,W00,P00,1,M0,pow_const,19,21502,21521,133de0c3366958f712bb51a8168dfa174e603829fff3f53f8526458c4cccb95a,ffc856e13ef5db3b632bd070087935a8943fd43e898dd236fa676f9961fa29f9,e27bdf5b0066570a1be18f6f8bde751741c93bac3d27a0ddb433f1cbcc800e2a,c92e5449dc07d57cccdaabc1a2c078a471d4798b29167881a5be156c45f042c4,20.00023251894163,9,OK,-0.9597243265181321,2.6770867405952856,"[1.5602856193557637,3.8996694675700563,-1.8744603397049182]",,1.6098756008132504,0.2029009216765776,0,[],[],False,[],[],20.000232516758842,9,9,0.0026315483534137276,0.023683935180723547,0.22929709998425096,NOT_AUDITABLE,
F2J002246,2246,F2D001105,stability,F2V000469,P3_published_qpp_pdcsap_all,P3,PUBLISHED_QPP_REPRODUCED,W00,P00,1,M1,pow_const_gauss,19,21502,21521,133de0c3366958f712bb51a8168dfa174e603829fff3f53f8526458c4cccb95a,ffc856e13ef5db3b632bd070087935a8943fd43e898dd236fa676f9961fa29f9,e27bdf5b0066570a1be18f6f8bde751741c93bac3d27a0ddb433f1cbcc800e2a,c92e5449dc07d57cccdaabc1a2c078a471d4798b29167881a5be156c45f042c4,20.00023251894163,9,OK,-12.578780021769749,11.782451454225424,"[2.580425227305992,4.966389163521292,-20.0,-1.982842366352145,-3.78490134050708,0.10708737731927347]",44.031326236130056,0.6735537468716674,0.4118153461041463,0,[],[],True,[2],"[{""parameter_index"":2,""side"":""lower"",""value"":-20.0,""bound"":-20.0}]",20.000232516758842,9,9,0.0026315483534137276,0.023683935180723547,0.8138156000059098,NOT_AUDITABLE,
F2J002247,2247,F2D001105,stability,F2V000469,P3_published_qpp_pdcsap_all,P3,PUBLISHED_QPP_REPRODUCED,W00,P00,1,M2,bpow_const,19,21502,21521,133de0c3366958f712bb51a8168dfa174e603829fff3f53f8526458c4cccb95a,ffc856e13ef5db3b632bd070087935a8943fd43e898dd236fa676f9961fa29f9,e27bdf5b0066570a1be18f6f8bde751741c93bac3d27a0ddb433f1cbcc800e2a,c92e5449dc07d57cccdaabc1a2c078a471d4798b29167881a5be156c45f042c4,20.00023251894163,9,OK,1.8728902544082633,3.4580040274683075,"[-11.180215805430102,2.0743125628275636,0.005262968864201176,9.0,-1.9517040616335695]",,2.3258419577965657,0.12017830004949874,1,"[""RuntimeWarning: overflow encountered in exp""]","[{""category"":""RuntimeWarning"",""message"":""overflow encountered in exp"",""filename"":""afino_spectral_models.py"",""lineno"":31}]",True,[3],"[{""parameter_index"":3,""side"":""upper"",""value"":9.0,""bound"":9.0}]",20.000232516758842,9,9,0.0026315483534137276,0.023683935180723547,0.5722139000426978,NOT_AUDITABLE,
F2J002272,2272,F2D001114,stability,F2V000470,P3_published_qpp_pdcsap_all,P3,PUBLISHED_QPP_REPRODUCED,W00,P01,1,M0,pow_const,19,21521,21540,133de0c3366958f712bb51a8168dfa174e603829fff3f53f8526458c4cccb95a,98a61b788eff5d30dcb60b453f8df6aead6861d68191f9005bc70ea3df205c80,e27bdf5b0066570a1be18f6f8bde751741c93bac3d27a0ddb433f1cbcc800e2a,c92e5449dc07d57cccdaabc1a2c078a471d4798b29167881a5be156c45f042c4,20.00023251894163,9,OK,2.6727975873991765,0.8608257836366313,"[1.4380108159311817,3.814822376737101,-1.5886518609137914]",,1.0606848631900778,0.3390728131227698,0,[],[],False,[],[],20.000232516758842,9,9,0.0026315483534137276,0.023683935180723547,0.21965929999714717,NOT_AUDITABLE,
F2J002273,2273,F2D001114,stability,F2V000470,P3_published_qpp_pdcsap_all,P3,PUBLISHED_QPP_REPRODUCED,W00,P01,1,M1,pow_const_gauss,19,21521,21540,133de0c3366958f712bb51a8168dfa174e603829fff3f53f8526458c4cccb95a,98a61b788eff5d30dcb60b453f8df6aead6861d68191f9005bc70ea3df205c80,e27bdf5b0066570a1be18f6f8bde751741c93bac3d27a0ddb433f1cbcc800e2a,c92e5449dc07d57cccdaabc1a2c078a471d4798b29167881a5be156c45f042c4,20.00023251894163,9,OK,0.6407223895300902,5.172700248575504,"[2.09629347949381,4.255663413922859,-19.407466580833248,-1.1706192042992631,-3.6888794541139363,0.24905658324064311]",40.0,0.6062473101618983,0.4362042730445066,0,[],[],True,[4],"[{""parameter_index"":4,""side"":""upper"",""value"":-3.6888794541139363,""bound"":-3.6888794541139363}]",20.000232516758842,9,9,0.0026315483534137276,0.023683935180723547,0.8972918000072241,NOT_AUDITABLE,
F2J002274,2274,F2D001114,stability,F2V000470,P3_published_qpp_pdcsap_all,P3,PUBLISHED_QPP_REPRODUCED,W00,P01,1,M2,bpow_const,19,21521,21540,133de0c3366958f712bb51a8168dfa174e603829fff3f53f8526458c4cccb95a,98a61b788eff5d30dcb60b453f8df6aead6861d68191f9005bc70ea3df205c80,e27bdf5b0066570a1be18f6f8bde751741c93bac3d27a0ddb433f1cbcc800e2a,c92e5449dc07d57cccdaabc1a2c078a471d4798b29167881a5be156c45f042c4,20.00023251894163,9,OK,5.911310661363013,1.4387938239909328,"[-11.715910729696832,2.1646087275420403,0.005260258733869896,9.0,-1.6598442062785306]",,1.48905457419757,0.22618301624720016,11,"[""RuntimeWarning: invalid value encountered in subtract"",""RuntimeWarning: overflow encountered in exp""]","[{""category"":""RuntimeWarning"",""message"":""overflow encountered in exp"",""filename"":""afino_spectral_models.py"",""lineno"":31},{""category"":""RuntimeWarning"",""message"":""overflow encountered in exp"",""filename"":""afino_spectral_models.py"",""lineno"":31},{""category"":""RuntimeWarning"",""message"":""invalid value encountered in subtract"",""filename"":""_numdiff.py"",""lineno"":710},{""category"":""RuntimeWarning"",""message"":""overflow encountered in exp"",""filename"":""afino_spectral_models.py"",""lineno"":31},{""category"":""RuntimeWarning"",""message"":""invalid value encountered in subtract"",""filename"":""_numdiff.py"",""lineno"":710},{""category"":""RuntimeWarning"",""message"":""overflow encountered in exp"",""filename"":""afino_spectral_models.py"",""lineno"":31},{""category"":""RuntimeWarning"",""message"":""invalid value encountered in subtract"",""filename"":""_numdiff.py"",""lineno"":710},{""category"":""RuntimeWarning"",""message"":""overflow encountered in exp"",""filename"":""afino_spectral_models.py"",""lineno"":31},{""category"":""RuntimeWarning"",""message"":""invalid value encountered in subtract"",""filename"":""_numdiff.py"",""lineno"":710},{""category"":""RuntimeWarning"",""message"":""overflow encountered in exp"",""filename"":""afino_spectral_models.py"",""lineno"":31},{""category"":""RuntimeWarning"",""message"":""invalid value encountered in subtract"",""filename"":""_numdiff.py"",""lineno"":710}]",True,[3],"[{""parameter_index"":3,""side"":""upper"",""value"":9.0,""bound"":9.0}]",20.000232516758842,9,9,0.0026315483534137276,0.023683935180723547,0.5228362000198103,NOT_AUDITABLE,
F2J002299,2299,F2D001123,stability,F2V000471,P3_published_qpp_pdcsap_all,P3,PUBLISHED_QPP_REPRODUCED,W00,P02,1,M0,pow_const,19,21540,21559,133de0c3366958f712bb51a8168dfa174e603829fff3f53f8526458c4cccb95a,ffc856e13ef5db3b632bd070087935a8943fd43e898dd236fa676f9961fa29f9,e27bdf5b0066570a1be18f6f8bde751741c93bac3d27a0ddb433f1cbcc800e2a,c92e5449dc07d57cccdaabc1a2c078a471d4798b29167881a5be156c45f042c4,20.00023251894163,9,OK,-0.9597243265181321,2.6770867405952856,"[1.5602856193557637,3.8996694675700563,-1.8744603397049182]",,1.6098756008132504,0.2029009216765776,0,[],[],False,[],[],20.000232516758842,9,9,0.0026315483534137276,0.023683935180723547,0.22362689999863505,NOT_AUDITABLE,
F2J002300,2300,F2D001123,stability,F2V000471,P3_published_qpp_pdcsap_all,P3,PUBLISHED_QPP_REPRODUCED,W00,P02,1,M1,pow_const_gauss,19,21540,21559,133de0c3366958f712bb51a8168dfa174e603829fff3f53f8526458c4cccb95a,ffc856e13ef5db3b632bd070087935a8943fd43e898dd236fa676f9961fa29f9,e27bdf5b0066570a1be18f6f8bde751741c93bac3d27a0ddb433f1cbcc800e2a,c92e5449dc07d57cccdaabc1a2c078a471d4798b29167881a5be156c45f042c4,20.00023251894163,9,OK,-12.578780021769749,11.782451454225424,"[2.580425227305992,4.966389163521292,-20.0,-1.982842366352145,-3.78490134050708,0.10708737731927347]",44.031326236130056,0.6735537468716674,0.4118153461041463,0,[],[],True,[2],"[{""parameter_index"":2,""side"":""lower"",""value"":-20.0,""bound"":-20.0}]",20.000232516758842,9,9,0.0026315483534137276,0.023683935180723547,0.8095323000452481,NOT_AUDITABLE,
F2J002301,2301,F2D001123,stability,F2V000471,P3_published_qpp_pdcsap_all,P3,PUBLISHED_QPP_REPRODUCED,W00,P02,1,M2,bpow_const,19,21540,21559,133de0c3366958f712bb51a8168dfa174e603829fff3f53f8526458c4cccb95a,ffc856e13ef5db3b632bd070087935a8943fd43e898dd236fa676f9961fa29f9,e27bdf5b0066570a1be18f6f8bde751741c93bac3d27a0ddb433f1cbcc800e2a,c92e5449dc07d57cccdaabc1a2c078a471d4798b29167881a5be156c45f042c4,20.00023251894163,9,OK,1.8728902544082633,3.4580040274683075,"[-11.180215805430102,2.0743125628275636,0.005262968864201176,9.0,-1.9517040616335695]",,2.3258419577965657,0.12017830004949874,1,"[""RuntimeWarning: overflow encountered in exp""]","[{""category"":""RuntimeWarning"",""message"":""overflow encountered in exp"",""filename"":""afino_spectral_models.py"",""lineno"":31}]",True,[3],"[{""parameter_index"":3,""side"":""upper"",""value"":9.0,""bound"":9.0}]",20.000232516758842,9,9,0.0026315483534137276,0.023683935180723547,0.5812926000216976,NOT_AUDITABLE,
F2J002326,2326,F2D001132,stability,F2V000472,P3_published_qpp_pdcsap_all,P3,PUBLISHED_QPP_REPRODUCED,W00,P03,1,M0,pow_const,19,21559,21578,133de0c3366958f712bb51a8168dfa174e603829fff3f53f8526458c4cccb95a,98a61b788eff5d30dcb60b453f8df6aead6861d68191f9005bc70ea3df205c80,e27bdf5b0066570a1be18f6f8bde751741c93bac3d27a0ddb433f1cbcc800e2a,c92e5449dc07d57cccdaabc1a2c078a471d4798b29167881a5be156c45f042c4,20.00023251894163,9,OK,2.6727975873991765,0.8608257836366313,"[1.4380108159311817,3.814822376737101,-1.5886518609137914]",,1.0606848631900778,0.3390728131227698,0,[],[],False,[],[],20.000232516758842,9,9,0.0026315483534137276,0.023683935180723547,0.2170390000101179,NOT_AUDITABLE,
F2J002327,2327,F2D001132,stability,F2V000472,P3_published_qpp_pdcsap_all,P3,PUBLISHED_QPP_REPRODUCED,W00,P03,1,M1,pow_const_gauss,19,21559,21578,133de0c3366958f712bb51a8168dfa174e603829fff3f53f8526458c4cccb95a,98a61b788eff5d30dcb60b453f8df6aead6861d68191f9005bc70ea3df205c80,e27bdf5b0066570a1be18f6f8bde751741c93bac3d27a0ddb433f1cbcc800e2a,c92e5449dc07d57cccdaabc1a2c078a471d4798b29167881a5be156c45f042c4,20.00023251894163,9,OK,0.6407223895300902,5.172700248575504,"[2.09629347949381,4.255663413922859,-19.407466580833248,-1.1706192042992631,-3.6888794541139363,0.24905658324064311]",40.0,0.6062473101618983,0.4362042730445066,0,[],[],True,[4],"[{""parameter_index"":4,""side"":""upper"",""value"":-3.6888794541139363,""bound"":-3.6888794541139363}]",20.000232516758842,9,9,0.0026315483534137276,0.023683935180723547,0.9032456999993883,NOT_AUDITABLE,
F2J002328,2328,F2D001132,stability,F2V000472,P3_published_qpp_pdcsap_all,P3,PUBLISHED_QPP_REPRODUCED,W00,P03,1,M2,bpow_const,19,21559,21578,133de0c3366958f712bb51a8168dfa174e603829fff3f53f8526458c4cccb95a,98a61b788eff5d30dcb60b453f8df6aead6861d68191f9005bc70ea3df205c80,e27bdf5b0066570a1be18f6f8bde751741c93bac3d27a0ddb433f1cbcc800e2a,c92e5449dc07d57cccdaabc1a2c078a471d4798b29167881a5be156c45f042c4,20.00023251894163,9,OK,5.911310661363013,1.4387938239909328,"[-11.715910729696832,2.1646087275420403,0.005260258733869896,9.0,-1.6598442062785306]",,1.48905457419757,0.22618301624720016,11,"[""RuntimeWarning: invalid value encountered in subtract"",""RuntimeWarning: overflow encountered in exp""]","[{""category"":""RuntimeWarning"",""message"":""overflow encountered in exp"",""filename"":""afino_spectral_models.py"",""lineno"":31},{""category"":""RuntimeWarning"",""message"":""overflow encountered in exp"",""filename"":""afino_spectral_models.py"",""lineno"":31},{""category"":""RuntimeWarning"",""message"":""invalid value encountered in subtract"",""filename"":""_numdiff.py"",""lineno"":710},{""category"":""RuntimeWarning"",""message"":""overflow encountered in exp"",""filename"":""afino_spectral_models.py"",""lineno"":31},{""category"":""RuntimeWarning"",""message"":""invalid value encountered in subtract"",""filename"":""_numdiff.py"",""lineno"":710},{""category"":""RuntimeWarning"",""message"":""overflow encountered in exp"",""filename"":""afino_spectral_models.py"",""lineno"":31},{""category"":""RuntimeWarning"",""message"":""invalid value encountered in subtract"",""filename"":""_numdiff.py"",""lineno"":710},{""category"":""RuntimeWarning"",""message"":""overflow encountered in exp"",""filename"":""afino_spectral_models.py"",""lineno"":31},{""category"":""RuntimeWarning"",""message"":""invalid value encountered in subtract"",""filename"":""_numdiff.py"",""lineno"":710},{""category"":""RuntimeWarning"",""message"":""overflow encountered in exp"",""filename"":""afino_spectral_models.py"",""lineno"":31},{""category"":""RuntimeWarning"",""message"":""invalid value encountered in subtract"",""filename"":""_numdiff.py"",""lineno"":710}]",True,[3],"[{""parameter_index"":3,""side"":""upper"",""value"":9.0,""bound"":9.0}]",20.000232516758842,9,9,0.0026315483534137276,0.023683935180723547,0.5162009000196122,NOT_AUDITABLE,
F2J002353,2353,F2D001141,stability,F2V000473,P3_published_qpp_pdcsap_all,P3,PUBLISHED_QPP_REPRODUCED,W00,P04,1,M0,pow_const,19,21578,21597,133de0c3366958f712bb51a8168dfa174e603829fff3f53f8526458c4cccb95a,5b56b32127f48434adc58b6f87d600d00f296c901717c4e87ba913e281faf669,e27bdf5b0066570a1be18f6f8bde751741c93bac3d27a0ddb433f1cbcc800e2a,c92e5449dc07d57cccdaabc1a2c078a471d4798b29167881a5be156c45f042c4,20.00023251894163,9,OK,2.2172976381818144,1.0885757582453124,"[1.483892294194211,3.7870670863269407,-1.6383947422584024]",,1.5635335102813324,0.21181261175206592,0,[],[],False,[],[],20.000232516758842,9,9,0.0026315483534137276,0.023683935180723547,0.2044017000007443,NOT_AUDITABLE,
F2J002354,2354,F2D001141,stability,F2V000473,P3_published_qpp_pdcsap_all,P3,PUBLISHED_QPP_REPRODUCED,W00,P04,1,M1,pow_const_gauss,19,21578,21597,133de0c3366958f712bb51a8168dfa174e603829fff3f53f8526458c4cccb95a,5b56b32127f48434adc58b6f87d600d00f296c901717c4e87ba913e281faf669,e27bdf5b0066570a1be18f6f8bde751741c93bac3d27a0ddb433f1cbcc800e2a,c92e5449dc07d57cccdaabc1a2c078a471d4798b29167881a5be156c45f042c4,20.00023251894163,9,OK,-9.050998984725876,10.018560935703487,"[2.5149858560493663,4.725401486890708,-20.0,-1.7633638067770072,-3.789225576737602,0.10402116207454791]",44.222140357650744,0.6138382904976136,0.43334627527823255,0,[],[],True,[2],"[{""parameter_index"":2,""side"":""lower"",""value"":-20.0,""bound"":-20.0}]",20.000232516758842,9,9,0.0026315483534137276,0.023683935180723547,0.8416933999978937,NOT_AUDITABLE,
F2J002355,2355,F2D001141,stability,F2V000473,P3_published_qpp_pdcsap_all,P3,PUBLISHED_QPP_REPRODUCED,W00,P04,1,M2,bpow_const,19,21578,21597,133de0c3366958f712bb51a8168dfa174e603829fff3f53f8526458c4cccb95a,5b56b32127f48434adc58b6f87d600d00f296c901717c4e87ba913e281faf669,e27bdf5b0066570a1be18f6f8bde751741c93bac3d27a0ddb433f1cbcc800e2a,c92e5449dc07d57cccdaabc1a2c078a471d4798b29167881a5be156c45f042c4,20.00023251894163,9,OK,5.290717006278376,1.7490906515332512,"[-10.93068935183544,2.0309211844388106,0.005262869797149527,9.0,-1.7129461789097156]",,2.2871036414794275,0.12365940702202755,0,[],[],True,[3],"[{""parameter_index"":3,""side"":""upper"",""value"":9.0,""bound"":9.0}]",20.000232516758842,9,9,0.0026315483534137276,0.023683935180723547,0.4981209000106901,NOT_AUDITABLE,
F2J002380,2380,F2D001150,stability,F2V000474,P3_published_qpp_pdcsap_all,P3,PUBLISHED_QPP_REPRODUCED,W00,P05,1,M0,pow_const,19,21597,21616,133de0c3366958f712bb51a8168dfa174e603829fff3f53f8526458c4cccb95a,27ef0b1a9fd96b250af2fc4fd359bcb13e5464cc7de8ecc82ae2342a2e6aff0c,e27bdf5b0066570a1be18f6f8bde751741c93bac3d27a0ddb433f1cbcc800e2a,c92e5449dc07d57cccdaabc1a2c078a471d4798b29167881a5be156c45f042c4,20.00023251894163,9,OK,6.194809769831202,-0.9001803075793813,"[1.3634234272121595,3.7520738569865273,-1.3292302596612562]",,1.024666707707481,0.3508224116975508,0,[],[],False,[],[],20.000232516758842,9,9,0.0026315483534137276,0.023683935180723547,0.21727500000270084,NOT_AUDITABLE,
F2J002381,2381,F2D001150,stability,F2V000474,P3_published_qpp_pdcsap_all,P3,PUBLISHED_QPP_REPRODUCED,W00,P05,1,M1,pow_const_gauss,19,21597,21616,133de0c3366958f712bb51a8168dfa174e603829fff3f53f8526458c4cccb95a,27ef0b1a9fd96b250af2fc4fd359bcb13e5464cc7de8ecc82ae2342a2e6aff0c,e27bdf5b0066570a1be18f6f8bde751741c93bac3d27a0ddb433f1cbcc800e2a,c92e5449dc07d57cccdaabc1a2c078a471d4798b29167881a5be156c45f042c4,20.00023251894163,9,OK,4.4492945076123895,3.2684141895343544,"[1.9649715086922317,3.907268007831661,-19.551763679126722,-0.9167380292305093,-3.6888794541139363,0.24819482348357694]",40.0,0.4896856277383875,0.48406757222080166,0,[],[],True,[4],"[{""parameter_index"":4,""side"":""upper"",""value"":-3.6888794541139363,""bound"":-3.6888794541139363}]",20.000232516758842,9,9,0.0026315483534137276,0.023683935180723547,0.8216860999818891,NOT_AUDITABLE,
F2J002382,2382,F2D001150,stability,F2V000474,P3_published_qpp_pdcsap_all,P3,PUBLISHED_QPP_REPRODUCED,W00,P05,1,M2,bpow_const,19,21597,21616,133de0c3366958f712bb51a8168dfa174e603829fff3f53f8526458c4cccb95a,27ef0b1a9fd96b250af2fc4fd359bcb13e5464cc7de8ecc82ae2342a2e6aff0c,e27bdf5b0066570a1be18f6f8bde751741c93bac3d27a0ddb433f1cbcc800e2a,c92e5449dc07d57cccdaabc1a2c078a471d4798b29167881a5be156c45f042c4,20.00023251894163,9,OK,9.670686163952192,-0.44089392730365695,"[-11.306056532035775,2.0939064924657504,0.005228105311122284,9.0,-1.39769023993511]",,1.4687437280115185,0.2297996394447035,2,"[""RuntimeWarning: overflow encountered in exp""]","[{""category"":""RuntimeWarning"",""message"":""overflow encountered in exp"",""filename"":""afino_spectral_models.py"",""lineno"":72},{""category"":""RuntimeWarning"",""message"":""overflow encountered in exp"",""filename"":""afino_spectral_models.py"",""lineno"":73}]",True,[3],"[{""parameter_index"":3,""side"":""upper"",""value"":9.0,""bound"":9.0}]",20.000232516758842,9,9,0.0026315483534137276,0.023683935180723547,0.48960089997854084,NOT_AUDITABLE,
F2J002407,2407,F2D001159,stability,F2V000547,P3_not_selected_qpp_pdcsap_all,P3,MATCHED_NOT_SELECTED,W00,P00,1,M0,pow_const,16,22984,23000,1b9215ab9acb5928e4ef562ecce48290b8d468ca3445482ec78a0ab934bfb642,bb86319e862bea5faf55ec1e647160359e5b78e970b67d78d2714e21ec8c614f,0ced5fe79eece502d26a58b30b976948e92a4594fd2d7d82bb860707f5349f65,c92e5449dc07d57cccdaabc1a2c078a471d4798b29167881a5be156c45f042c4,19.99999108084012,7,OK,-16.522256456196697,10.207038377153662,"[1.2047116351473077,3.3953647886242737,-4.4541418125035515]",,0.32670897046694136,0.6172715552624245,0,[],[],False,[],[],19.99997770646587,7,7,0.0031250034833685907,0.021875024383580136,0.19581310002831742,NOT_AUDITABLE,
F2J002408,2408,F2D001159,stability,F2V000547,P3_not_selected_qpp_pdcsap_all,P3,MATCHED_NOT_SELECTED,W00,P00,1,M1,pow_const_gauss,16,22984,23000,1b9215ab9acb5928e4ef562ecce48290b8d468ca3445482ec78a0ab934bfb642,bb86319e862bea5faf55ec1e647160359e5b78e970b67d78d2714e21ec8c614f,0ced5fe79eece502d26a58b30b976948e92a4594fd2d7d82bb860707f5349f65,c92e5449dc07d57cccdaabc1a2c078a471d4798b29167881a5be156c45f042c4,19.99999108084012,7,OK,-11.32939504536095,10.529472895318758,"[1.2956215690706836,3.3904904722214178,-19.998099117523296,-5.182899255412321,-3.892105219866944,0.05]",49.01396315516844,1.1071666301013257,0.24086582864167838,0,[],[],True,[5],"[{""parameter_index"":5,""side"":""lower"",""value"":0.05,""bound"":0.05}]",19.99997770646587,7,7,0.0031250034833685907,0.021875024383580136,0.8027972999843769,NOT_AUDITABLE,
F2J002409,2409,F2D001159,stability,F2V000547,P3_not_selected_qpp_pdcsap_all,P3,MATCHED_NOT_SELECTED,W00,P00,1,M2,bpow_const,16,22984,23000,1b9215ab9acb5928e4ef562ecce48290b8d468ca3445482ec78a0ab934bfb642,bb86319e862bea5faf55ec1e647160359e5b78e970b67d78d2714e21ec8c614f,0ced5fe79eece502d26a58b30b976948e92a4594fd2d7d82bb860707f5349f65,c92e5449dc07d57cccdaabc1a2c078a471d4798b29167881a5be156c45f042c4,19.99999108084012,7,OK,-13.219448013046847,10.50154430463405,"[-17.58869588169509,3.243385698653229,0.012500013341722004,9.0,-4.19588609563196]",,0.47580131254129165,0.4378251257267677,11,"[""RuntimeWarning: invalid value encountered in subtract"",""RuntimeWarning: overflow encountered in exp""]","[{""category"":""RuntimeWarning"",""message"":""overflow encountered in exp"",""filename"":""afino_spectral_models.py"",""lineno"":31},{""category"":""RuntimeWarning"",""message"":""overflow encountered in exp"",""filename"":""afino_spectral_models.py"",""lineno"":31},{""category"":""RuntimeWarning"",""message"":""invalid value encountered in subtract"",""filename"":""_numdiff.py"",""lineno"":710},{""category"":""RuntimeWarning"",""message"":""overflow encountered in exp"",""filename"":""afino_spectral_models.py"",""lineno"":31},{""category"":""RuntimeWarning"",""message"":""invalid value encountered in subtract"",""filename"":""_numdiff.py"",""lineno"":710},{""category"":""RuntimeWarning"",""message"":""overflow encountered in exp"",""filename"":""afino_spectral_models.py"",""lineno"":31},{""category"":""RuntimeWarning"",""message"":""invalid value encountered in subtract"",""filename"":""_numdiff.py"",""lineno"":710},{""category"":""RuntimeWarning"",""message"":""overflow encountered in exp"",""filename"":""afino_spectral_models.py"",""lineno"":31},{""category"":""RuntimeWarning"",""message"":""invalid value encountered in subtract"",""filename"":""_numdiff.py"",""lineno"":710},{""category"":""RuntimeWarning"",""message"":""overflow encountered in exp"",""filename"":""afino_spectral_models.py"",""lineno"":31},{""category"":""RuntimeWarning"",""message"":""invalid value encountered in subtract"",""filename"":""_numdiff.py"",""lineno"":710}]",True,[3],"[{""parameter_index"":3,""side"":""upper"",""value"":9.0,""bound"":9.0}]",19.99997770646587,7,7,0.0031250034833685907,0.021875024383580136,0.3042083000182174,NOT_AUDITABLE,
F2J002434,2434,F2D001168,stability,F2V000548,P3_not_selected_qpp_pdcsap_all,P3,MATCHED_NOT_SELECTED,W00,P01,1,M0,pow_const,16,23000,23016,1b9215ab9acb5928e4ef562ecce48290b8d468ca3445482ec78a0ab934bfb642,110a3956e0b149501b2d6918aac79208a101b8093f7800454e80d5a6568a9e90,0ced5fe79eece502d26a58b30b976948e92a4594fd2d7d82bb860707f5349f65,c92e5449dc07d57cccdaabc1a2c078a471d4798b29167881a5be156c45f042c4,19.99999108084012,7,OK,-17.618614989146533,10.75521764362858,"[1.2431154490421161,3.471211539652358,-4.6228101432174]",,0.3063946701443261,0.6306062564906929,0,[],[],False,[],[],19.99997770646587,7,7,0.0031250034833685907,0.021875024383580136,0.20402730000205338,NOT_AUDITABLE,
F2J002435,2435,F2D001168,stability,F2V000548,P3_not_selected_qpp_pdcsap_all,P3,MATCHED_NOT_SELECTED,W00,P01,1,M1,pow_const_gauss,16,23000,23016,1b9215ab9acb5928e4ef562ecce48290b8d468ca3445482ec78a0ab934bfb642,110a3956e0b149501b2d6918aac79208a101b8093f7800454e80d5a6568a9e90,0ced5fe79eece502d26a58b30b976948e92a4594fd2d7d82bb860707f5349f65,c92e5449dc07d57cccdaabc1a2c078a471d4798b29167881a5be156c45f042c4,19.99999108084012,7,OK,-12.416181909399011,11.072866327337788,"[1.3191775245416493,3.4569478560846956,-19.3753366445398,-5.401318751002137,-3.888401095065323,0.05]",48.83274515286875,0.9095851778829085,0.2707109369694016,0,[],[],True,[5],"[{""parameter_index"":5,""side"":""lower"",""value"":0.05,""bound"":0.05}]",19.99997770646587,7,7,0.0031250034833685907,0.021875024383580136,0.7548554000095464,NOT_AUDITABLE,
F2J002436,2436,F2D001168,stability,F2V000548,P3_not_selected_qpp_pdcsap_all,P3,MATCHED_NOT_SELECTED,W00,P01,1,M2,bpow_const,16,23000,23016,1b9215ab9acb5928e4ef562ecce48290b8d468ca3445482ec78a0ab934bfb642,110a3956e0b149501b2d6918aac79208a101b8093f7800454e80d5a6568a9e90,0ced5fe79eece502d26a58b30b976948e92a4594fd2d7d82bb860707f5349f65,c92e5449dc07d57cccdaabc1a2c078a471d4798b29167881a5be156c45f042c4,19.99999108084012,7,OK,-14.072155966481109,10.927898281351181,"[-17.340823753702903,3.21195279161413,0.015625008085348578,1.0,-15.076862231375289]",,0.49846329426406033,0.4291820669129889,0,[],[],True,[3],"[{""parameter_index"":3,""side"":""lower"",""value"":1.0,""bound"":1.0}]",19.99997770646587,7,7,0.0031250034833685907,0.021875024383580136,0.33937470003729686,NOT_AUDITABLE,
F2J002461,2461,F2D001177,stability,F2V000549,P3_not_selected_qpp_pdcsap_all,P3,MATCHED_NOT_SELECTED,W00,P02,1,M0,pow_const,16,23016,23032,1b9215ab9acb5928e4ef562ecce48290b8d468ca3445482ec78a0ab934bfb642,bb86319e862bea5faf55ec1e647160359e5b78e970b67d78d2714e21ec8c614f,0ced5fe79eece502d26a58b30b976948e92a4594fd2d7d82bb860707f5349f65,c92e5449dc07d57cccdaabc1a2c078a471d4798b29167881a5be156c45f042c4,19.99999108084012,7,OK,-16.522256456196697,10.207038377153662,"[1.2047116351473077,3.3953647886242737,-4.4541418125035515]",,0.32670897046694136,0.6172715552624245,0,[],[],False,[],[],19.99997770646587,7,7,0.0031250034833685907,0.021875024383580136,0.19250879995524883,NOT_AUDITABLE,
F2J002462,2462,F2D001177,stability,F2V000549,P3_not_selected_qpp_pdcsap_all,P3,MATCHED_NOT_SELECTED,W00,P02,1,M1,pow_const_gauss,16,23016,23032,1b9215ab9acb5928e4ef562ecce48290b8d468ca3445482ec78a0ab934bfb642,bb86319e862bea5faf55ec1e647160359e5b78e970b67d78d2714e21ec8c614f,0ced5fe79eece502d26a58b30b976948e92a4594fd2d7d82bb860707f5349f65,c92e5449dc07d57cccdaabc1a2c078a471d4798b29167881a5be156c45f042c4,19.99999108084012,7,OK,-11.32939504536095,10.529472895318758,"[1.2956215690706836,3.3904904722214178,-19.998099117523296,-5.182899255412321,-3.892105219866944,0.05]",49.01396315516844,1.1071666301013257,0.24086582864167838,0,[],[],True,[5],"[{""parameter_index"":5,""side"":""lower"",""value"":0.05,""bound"":0.05}]",19.99997770646587,7,7,0.0031250034833685907,0.021875024383580136,0.7957299000117928,NOT_AUDITABLE,
F2J002463,2463,F2D001177,stability,F2V000549,P3_not_selected_qpp_pdcsap_all,P3,MATCHED_NOT_SELECTED,W00,P02,1,M2,bpow_const,16,23016,23032,1b9215ab9acb5928e4ef562ecce48290b8d468ca3445482ec78a0ab934bfb642,bb86319e862bea5faf55ec1e647160359e5b78e970b67d78d2714e21ec8c614f,0ced5fe79eece502d26a58b30b976948e92a4594fd2d7d82bb860707f5349f65,c92e5449dc07d57cccdaabc1a2c078a471d4798b29167881a5be156c45f042c4,19.99999108084012,7,OK,-13.219448013046847,10.50154430463405,"[-17.58869588169509,3.243385698653229,0.012500013341722004,9.0,-4.19588609563196]",,0.47580131254129165,0.4378251257267677,11,"[""RuntimeWarning: invalid value encountered in subtract"",""RuntimeWarning: overflow encountered in exp""]","[{""category"":""RuntimeWarning"",""message"":""overflow encountered in exp"",""filename"":""afino_spectral_models.py"",""lineno"":31},{""category"":""RuntimeWarning"",""message"":""overflow encountered in exp"",""filename"":""afino_spectral_models.py"",""lineno"":31},{""category"":""RuntimeWarning"",""message"":""invalid value encountered in subtract"",""filename"":""_numdiff.py"",""lineno"":710},{""category"":""RuntimeWarning"",""message"":""overflow encountered in exp"",""filename"":""afino_spectral_models.py"",""lineno"":31},{""category"":""RuntimeWarning"",""message"":""invalid value encountered in subtract"",""filename"":""_numdiff.py"",""lineno"":710},{""category"":""RuntimeWarning"",""message"":""overflow encountered in exp"",""filename"":""afino_spectral_models.py"",""lineno"":31},{""category"":""RuntimeWarning"",""message"":""invalid value encountered in subtract"",""filename"":""_numdiff.py"",""lineno"":710},{""category"":""RuntimeWarning"",""message"":""overflow encountered in exp"",""filename"":""afino_spectral_models.py"",""lineno"":31},{""category"":""RuntimeWarning"",""message"":""invalid value encountered in subtract"",""filename"":""_numdiff.py"",""lineno"":710},{""category"":""RuntimeWarning"",""message"":""overflow encountered in exp"",""filename"":""afino_spectral_models.py"",""lineno"":31},{""category"":""RuntimeWarning"",""message"":""invalid value encountered in subtract"",""filename"":""_numdiff.py"",""lineno"":710}]",True,[3],"[{""parameter_index"":3,""side"":""upper"",""value"":9.0,""bound"":9.0}]",19.99997770646587,7,7,0.0031250034833685907,0.021875024383580136,0.3050744999782182,NOT_AUDITABLE,
F2J002488,2488,F2D001186,stability,F2V000550,P3_not_selected_qpp_pdcsap_all,P3,MATCHED_NOT_SELECTED,W00,P03,1,M0,pow_const,16,23032,23048,1b9215ab9acb5928e4ef562ecce48290b8d468ca3445482ec78a0ab934bfb642,110a3956e0b149501b2d6918aac79208a101b8093f7800454e80d5a6568a9e90,0ced5fe79eece502d26a58b30b976948e92a4594fd2d7d82bb860707f5349f65,c92e5449dc07d57cccdaabc1a2c078a471d4798b29167881a5be156c45f042c4,19.99999108084012,7,OK,-17.618614989146533,10.75521764362858,"[1.2431154490421161,3.471211539652358,-4.6228101432174]",,0.3063946701443261,0.6306062564906929,0,[],[],False,[],[],19.99997770646587,7,7,0.0031250034833685907,0.021875024383580136,0.20004909997805953,NOT_AUDITABLE,
F2J002489,2489,F2D001186,stability,F2V000550,P3_not_selected_qpp_pdcsap_all,P3,MATCHED_NOT_SELECTED,W00,P03,1,M1,pow_const_gauss,16,23032,23048,1b9215ab9acb5928e4ef562ecce48290b8d468ca3445482ec78a0ab934bfb642,110a3956e0b149501b2d6918aac79208a101b8093f7800454e80d5a6568a9e90,0ced5fe79eece502d26a58b30b976948e92a4594fd2d7d82bb860707f5349f65,c92e5449dc07d57cccdaabc1a2c078a471d4798b29167881a5be156c45f042c4,19.99999108084012,7,OK,-12.416181909399011,11.072866327337788,"[1.3191775245416493,3.4569478560846956,-19.3753366445398,-5.401318751002137,-3.888401095065323,0.05]",48.83274515286875,0.9095851778829085,0.2707109369694016,0,[],[],True,[5],"[{""parameter_index"":5,""side"":""lower"",""value"":0.05,""bound"":0.05}]",19.99997770646587,7,7,0.0031250034833685907,0.021875024383580136,0.7497405000030994,NOT_AUDITABLE,
F2J002490,2490,F2D001186,stability,F2V000550,P3_not_selected_qpp_pdcsap_all,P3,MATCHED_NOT_SELECTED,W00,P03,1,M2,bpow_const,16,23032,23048,1b9215ab9acb5928e4ef562ecce48290b8d468ca3445482ec78a0ab934bfb642,110a3956e0b149501b2d6918aac79208a101b8093f7800454e80d5a6568a9e90,0ced5fe79eece502d26a58b30b976948e92a4594fd2d7d82bb860707f5349f65,c92e5449dc07d57cccdaabc1a2c078a471d4798b29167881a5be156c45f042c4,19.99999108084012,7,OK,-14.072155966481109,10.927898281351181,"[-17.340823753702903,3.21195279161413,0.015625008085348578,1.0,-15.076862231375289]",,0.49846329426406033,0.4291820669129889,0,[],[],True,[3],"[{""parameter_index"":3,""side"":""lower"",""value"":1.0,""bound"":1.0}]",19.99997770646587,7,7,0.0031250034833685907,0.021875024383580136,0.3382461000001058,NOT_AUDITABLE,
F2J002515,2515,F2D001195,stability,F2V000551,P3_not_selected_qpp_pdcsap_all,P3,MATCHED_NOT_SELECTED,W00,P04,1,M0,pow_const,16,23048,23064,1b9215ab9acb5928e4ef562ecce48290b8d468ca3445482ec78a0ab934bfb642,00eebb1b9838098d4fe3337cad02b65265a849c9c1d6f664c9efc79080f5c652,0ced5fe79eece502d26a58b30b976948e92a4594fd2d7d82bb860707f5349f65,c92e5449dc07d57cccdaabc1a2c078a471d4798b29167881a5be156c45f042c4,19.99999108084012,7,OK,-17.562881704810234,10.72735100146043,"[1.278976314840745,3.508095682666285,-4.6073013625240105]",,0.32533796771681023,0.6181562533940301,0,[],[],False,[],[],19.99997770646587,7,7,0.0031250034833685907,0.021875024383580136,0.2011214999947697,NOT_AUDITABLE,
F2J002516,2516,F2D001195,stability,F2V000551,P3_not_selected_qpp_pdcsap_all,P3,MATCHED_NOT_SELECTED,W00,P04,1,M1,pow_const_gauss,16,23048,23064,1b9215ab9acb5928e4ef562ecce48290b8d468ca3445482ec78a0ab934bfb642,00eebb1b9838098d4fe3337cad02b65265a849c9c1d6f664c9efc79080f5c652,0ced5fe79eece502d26a58b30b976948e92a4594fd2d7d82bb860707f5349f65,c92e5449dc07d57cccdaabc1a2c078a471d4798b29167881a5be156c45f042c4,19.99999108084012,7,OK,-12.455581648890988,11.092566197083777,"[1.3897247554576038,3.550013000535219,-20.0,-5.287320257663537,-3.8920419982277266,0.05]",49.010864510024966,1.0695188240515145,0.246115630279208,0,[],[],True,"[2,5]","[{""parameter_index"":2,""side"":""lower"",""value"":-20.0,""bound"":-20.0},{""parameter_index"":5,""side"":""lower"",""value"":0.05,""bound"":0.05}]",19.99997770646587,7,7,0.0031250034833685907,0.021875024383580136,0.7556344000040554,NOT_AUDITABLE,
F2J002517,2517,F2D001195,stability,F2V000551,P3_not_selected_qpp_pdcsap_all,P3,MATCHED_NOT_SELECTED,W00,P04,1,M2,bpow_const,16,23048,23064,1b9215ab9acb5928e4ef562ecce48290b8d468ca3445482ec78a0ab934bfb642,00eebb1b9838098d4fe3337cad02b65265a849c9c1d6f664c9efc79080f5c652,0ced5fe79eece502d26a58b30b976948e92a4594fd2d7d82bb860707f5349f65,c92e5449dc07d57cccdaabc1a2c078a471d4798b29167881a5be156c45f042c4,19.99999108084012,7,OK,-14.26127938997984,11.022459993100547,"[-18.153183186082277,3.353285215296877,0.012499951892606208,9.0,-4.339914375377777]",,0.4876733376427842,0.43325677032821686,0,[],[],True,[3],"[{""parameter_index"":3,""side"":""upper"",""value"":9.0,""bound"":9.0}]",19.99997770646587,7,7,0.0031250034833685907,0.021875024383580136,0.322079700010363,NOT_AUDITABLE,
F2J002542,2542,F2D001204,stability,F2V000552,P3_not_selected_qpp_pdcsap_all,P3,MATCHED_NOT_SELECTED,W00,P05,1,M0,pow_const,16,23064,23080,1b9215ab9acb5928e4ef562ecce48290b8d468ca3445482ec78a0ab934bfb642,c78ba960b78e4960b824b87fa91482b0d00eec5b3fbaf136f775f64ec25d6121,0ced5fe79eece502d26a58b30b976948e92a4594fd2d7d82bb860707f5349f65,c92e5449dc07d57cccdaabc1a2c078a471d4798b29167881a5be156c45f042c4,19.99999108084012,7,OK,-18.672182787196718,11.282001542653672,"[1.3227408283583264,3.593584762561752,-4.77122857205619]",,0.3150191723699425,0.6248849593939994,0,[],[],False,[],[],19.99997770646587,7,7,0.0031250034833685907,0.021875024383580136,0.20298600004753098,NOT_AUDITABLE,
F2J002543,2543,F2D001204,stability,F2V000552,P3_not_selected_qpp_pdcsap_all,P3,MATCHED_NOT_SELECTED,W00,P05,1,M1,pow_const_gauss,16,23064,23080,1b9215ab9acb5928e4ef562ecce48290b8d468ca3445482ec78a0ab934bfb642,c78ba960b78e4960b824b87fa91482b0d00eec5b3fbaf136f775f64ec25d6121,0ced5fe79eece502d26a58b30b976948e92a4594fd2d7d82bb860707f5349f65,c92e5449dc07d57cccdaabc1a2c078a471d4798b29167881a5be156c45f042c4,19.99999108084012,7,OK,-13.556714230681582,11.643132487979074,"[1.4178591950643011,3.621851591179709,-18.88405317888699,-5.500830908818027,-3.888502449283993,0.05]",48.83769480842923,0.8980048127054475,0.27265473212667035,0,[],[],True,[5],"[{""parameter_index"":5,""side"":""lower"",""value"":0.05,""bound"":0.05}]",19.99997770646587,7,7,0.0031250034833685907,0.021875024383580136,0.8021791999926791,NOT_AUDITABLE,
F2J002544,2544,F2D001204,stability,F2V000552,P3_not_selected_qpp_pdcsap_all,P3,MATCHED_NOT_SELECTED,W00,P05,1,M2,bpow_const,16,23064,23080,1b9215ab9acb5928e4ef562ecce48290b8d468ca3445482ec78a0ab934bfb642,c78ba960b78e4960b824b87fa91482b0d00eec5b3fbaf136f775f64ec25d6121,0ced5fe79eece502d26a58b30b976948e92a4594fd2d7d82bb860707f5349f65,c92e5449dc07d57cccdaabc1a2c078a471d4798b29167881a5be156c45f042c4,19.99999108084012,7,OK,-15.182214884175792,11.482927740198523,"[-18.05381471018231,3.348947751871445,0.01562501348421318,1.0000000000000002,-15.073437076017184]",,0.5020617327844077,0.42783906369275215,0,[],[],True,[3],"[{""parameter_index"":3,""side"":""lower"",""value"":1.0000000000000002,""bound"":1.0}]",19.99997770646587,7,7,0.0031250034833685907,0.021875024383580136,0.32260920002590865,NOT_AUDITABLE,
