planned_decision_id,variant_id,event_id,pair_id,observational_role,window_variant_id,processing_profile_id,baseline_formal_m1_period_s,variant_formal_m1_period_s,signed_period_change_s,absolute_period_change_s,relative_period_change,period_label
F2D000001,F2V000001,published_qpp_pdcsap_all,calibration_pair,PUBLISHED_QPP_REPRODUCED,W00,P00,68.52753981433278,68.52753981433278,0.0,0.0,0.0,recovered_period_selected
F2D000003,F2V000003,published_qpp_pdcsap_all,calibration_pair,PUBLISHED_QPP_REPRODUCED,W00,P02,68.52753981433278,68.52753981433278,0.0,0.0,0.0,recovered_period_selected
F2D000005,F2V000005,published_qpp_pdcsap_all,calibration_pair,PUBLISHED_QPP_REPRODUCED,W00,P04,68.52753981433278,68.64536127240345,0.11782145807066513,0.11782145807066513,0.0017193300443863642,recovered_period_selected
F2D000043,F2V000043,published_qpp_pdcsap_all,calibration_pair,PUBLISHED_QPP_REPRODUCED,WEp1,P00,68.52753981433278,69.15602581854422,0.6284860042114389,0.6284860042114389,0.009171290927913755,recovered_period_selected
F2D000045,F2V000045,published_qpp_pdcsap_all,calibration_pair,PUBLISHED_QPP_REPRODUCED,WEp1,P02,68.52753981433278,69.15602581854422,0.6284860042114389,0.6284860042114389,0.009171290927913755,recovered_period_selected
F2D000157,F2V000157,P1_published_qpp_pdcsap_all,P1,PUBLISHED_QPP_REPRODUCED,W00,P00,56.05824516433813,56.05824516433813,0.0,0.0,0.0,recovered_period_selected
F2D000158,F2V000158,P1_published_qpp_pdcsap_all,P1,PUBLISHED_QPP_REPRODUCED,W00,P01,56.05824516433813,55.74228038434222,-0.3159647799959089,0.3159647799959089,0.0056363658739162995,recovered_period_selected
F2D000161,F2V000161,P1_published_qpp_pdcsap_all,P1,PUBLISHED_QPP_REPRODUCED,W00,P04,56.05824516433813,56.06036161527444,0.00211645093630608,0.00211645093630608,3.775449855951745e-05,recovered_period_selected
F2D000162,F2V000162,P1_published_qpp_pdcsap_all,P1,PUBLISHED_QPP_REPRODUCED,W00,P05,56.05824516433813,55.74988906642899,-0.3083560979091402,0.3083560979091402,0.005500637720734491,recovered_period_selected
F2D000163,F2V000163,P1_published_qpp_pdcsap_all,P1,PUBLISHED_QPP_REPRODUCED,WSm2,P00,56.05824516433813,55.48077942790212,-0.577465736436011,0.577465736436011,0.010301173979726538,recovered_period_selected
F2D000164,F2V000164,P1_published_qpp_pdcsap_all,P1,PUBLISHED_QPP_REPRODUCED,WSm2,P01,56.05824516433813,56.93728310605459,0.8790379417164615,0.8790379417164615,0.015680796627498928,recovered_period_selected
F2D000167,F2V000167,P1_published_qpp_pdcsap_all,P1,PUBLISHED_QPP_REPRODUCED,WSm2,P04,56.05824516433813,55.48041601410182,-0.5778291502363118,0.5778291502363118,0.010307656769175893,recovered_period_selected
F2D000168,F2V000168,P1_published_qpp_pdcsap_all,P1,PUBLISHED_QPP_REPRODUCED,WSm2,P05,56.05824516433813,56.962293139423565,0.9040479750854331,0.9040479750854331,0.01612694033563059,recovered_period_selected
F2D000169,F2V000169,P1_published_qpp_pdcsap_all,P1,PUBLISHED_QPP_REPRODUCED,WSm1,P00,56.05824516433813,56.48804109633609,0.4297959319979583,0.4297959319979583,0.007666953018917834,recovered_period_selected
F2D000170,F2V000170,P1_published_qpp_pdcsap_all,P1,PUBLISHED_QPP_REPRODUCED,WSm1,P01,56.05824516433813,57.06830498268018,1.0100598183420502,1.0100598183420502,0.018018042045037243,recovered_period_selected
F2D000173,F2V000173,P1_published_qpp_pdcsap_all,P1,PUBLISHED_QPP_REPRODUCED,WSm1,P04,56.05824516433813,56.48809821324124,0.42985304890310516,0.42985304890310516,0.007667971903918237,recovered_period_selected
F2D000174,F2V000174,P1_published_qpp_pdcsap_all,P1,PUBLISHED_QPP_REPRODUCED,WSm1,P05,56.05824516433813,57.06593152137112,1.0076863570329877,1.0076863570329877,0.017975702844048976,recovered_period_selected
F2D000175,F2V000175,P1_published_qpp_pdcsap_all,P1,PUBLISHED_QPP_REPRODUCED,WSp1,P00,56.05824516433813,55.02136524119224,-1.0368799231458894,1.0368799231458894,0.018496474873699903,recovered_period_selected
F2D000179,F2V000179,P1_published_qpp_pdcsap_all,P1,PUBLISHED_QPP_REPRODUCED,WSp1,P04,56.05824516433813,55.018510745547566,-1.039734418790566,1.039734418790566,0.018547395048534282,recovered_period_selected
F2D000181,F2V000181,P1_published_qpp_pdcsap_all,P1,PUBLISHED_QPP_REPRODUCED,WSp2,P00,56.05824516433813,56.73490417617328,0.6766590118351488,0.6766590118351488,0.012070642059013478,recovered_period_selected
F2D000185,F2V000185,P1_published_qpp_pdcsap_all,P1,PUBLISHED_QPP_REPRODUCED,WSp2,P04,56.05824516433813,56.643541091634596,0.585295927296464,0.585295927296464,0.010440853536899587,recovered_period_selected
F2D000187,F2V000187,P1_published_qpp_pdcsap_all,P1,PUBLISHED_QPP_REPRODUCED,WEm2,P00,56.05824516433813,55.18136243576271,-0.8768827285754242,0.8768827285754242,0.0156423506658974,recovered_period_selected
F2D000188,F2V000188,P1_published_qpp_pdcsap_all,P1,PUBLISHED_QPP_REPRODUCED,WEm2,P01,56.05824516433813,56.82526561320536,0.7670204488672283,0.7670204488672283,0.013682562602854612,recovered_period_selected
F2D000191,F2V000191,P1_published_qpp_pdcsap_all,P1,PUBLISHED_QPP_REPRODUCED,WEm2,P04,56.05824516433813,55.17243428201627,-0.8858108823218629,0.8858108823218629,0.015801616331818,recovered_period_selected
F2D000192,F2V000192,P1_published_qpp_pdcsap_all,P1,PUBLISHED_QPP_REPRODUCED,WEm2,P05,56.05824516433813,56.82540999223177,0.7671648278936374,0.7671648278936374,0.01368513812097841,recovered_period_selected
F2D000193,F2V000193,P1_published_qpp_pdcsap_all,P1,PUBLISHED_QPP_REPRODUCED,WEm1,P00,56.05824516433813,55.371587823496036,-0.6866573408420962,0.6866573408420962,0.012248998141649255,recovered_period_selected
F2D000194,F2V000194,P1_published_qpp_pdcsap_all,P1,PUBLISHED_QPP_REPRODUCED,WEm1,P01,56.05824516433813,55.64312498514354,-0.4151201791945951,0.4151201791945951,0.007405158295227495,recovered_period_selected
F2D000197,F2V000197,P1_published_qpp_pdcsap_all,P1,PUBLISHED_QPP_REPRODUCED,WEm1,P04,56.05824516433813,55.37290499995594,-0.6853401643821897,0.6853401643821897,0.0122255015720359,recovered_period_selected
F2D000198,F2V000198,P1_published_qpp_pdcsap_all,P1,PUBLISHED_QPP_REPRODUCED,WEm1,P05,56.05824516433813,55.61991264025623,-0.4383325240819005,0.4383325240819005,0.007819233777241906,recovered_period_selected
F2D000199,F2V000199,P1_published_qpp_pdcsap_all,P1,PUBLISHED_QPP_REPRODUCED,WEp1,P00,56.05824516433813,56.355560999890656,0.2973158355525243,0.2973158355525243,0.0053036950172258325,recovered_period_selected
F2D000200,F2V000200,P1_published_qpp_pdcsap_all,P1,PUBLISHED_QPP_REPRODUCED,WEp1,P01,56.05824516433813,56.91299706481766,0.8547519004795276,0.8547519004795276,0.01524756791750742,recovered_period_selected
F2D000203,F2V000203,P1_published_qpp_pdcsap_all,P1,PUBLISHED_QPP_REPRODUCED,WEp1,P04,56.05824516433813,56.33429833754604,0.2760531732079059,0.2760531732079059,0.004924399120925732,recovered_period_selected
F2D000204,F2V000204,P1_published_qpp_pdcsap_all,P1,PUBLISHED_QPP_REPRODUCED,WEp1,P05,56.05824516433813,56.87542576025297,0.8171805959148415,0.8171805959148415,0.014577348854200256,recovered_period_selected
F2D000205,F2V000205,P1_published_qpp_pdcsap_all,P1,PUBLISHED_QPP_REPRODUCED,WEp2,P00,56.05824516433813,55.07923857445471,-0.9790065898834186,0.9790065898834186,0.01746409626297437,recovered_period_selected
F2D000206,F2V000206,P1_published_qpp_pdcsap_all,P1,PUBLISHED_QPP_REPRODUCED,WEp2,P01,56.05824516433813,56.492279947618975,0.43403478328084333,0.43403478328084333,0.007742568145121992,recovered_period_selected
F2D000209,F2V000209,P1_published_qpp_pdcsap_all,P1,PUBLISHED_QPP_REPRODUCED,WEp2,P04,56.05824516433813,55.06226958046655,-0.9959755838715836,0.9959755838715836,0.01776679917382039,recovered_period_selected
F2D000210,F2V000210,P1_published_qpp_pdcsap_all,P1,PUBLISHED_QPP_REPRODUCED,WEp2,P05,56.05824516433813,54.96048253445453,-1.0977626298836043,1.0977626298836043,0.019582536461236824,recovered_period_selected
F2D000211,F2V000211,P1_published_qpp_pdcsap_all,P1,PUBLISHED_QPP_REPRODUCED,WX1,P00,56.05824516433813,55.26057250014832,-0.7976726641898111,0.7976726641898111,0.014229354876368061,recovered_period_selected
F2D000212,F2V000212,P1_published_qpp_pdcsap_all,P1,PUBLISHED_QPP_REPRODUCED,WX1,P01,56.05824516433813,56.673562953820706,0.6153177894825745,0.6153177894825745,0.010976401199836585,recovered_period_selected
F2D000215,F2V000215,P1_published_qpp_pdcsap_all,P1,PUBLISHED_QPP_REPRODUCED,WX1,P04,56.05824516433813,55.25813538310222,-0.8001097812359106,0.8001097812359106,0.014272829605891879,recovered_period_selected
F2D000216,F2V000216,P1_published_qpp_pdcsap_all,P1,PUBLISHED_QPP_REPRODUCED,WX1,P05,56.05824516433813,56.664760704116745,0.6065155397786128,0.6065155397786128,0.010819381484393167,recovered_period_selected
F2D000217,F2V000217,P1_published_qpp_pdcsap_all,P1,PUBLISHED_QPP_REPRODUCED,WC1,P00,56.05824516433813,55.89228218995164,-0.16596297438648833,0.16596297438648833,0.0029605453024788386,recovered_period_selected
F2D000218,F2V000218,P1_published_qpp_pdcsap_all,P1,PUBLISHED_QPP_REPRODUCED,WC1,P01,56.05824516433813,56.346003141201024,0.28775797686289195,0.28775797686289195,0.0051331963035823195,recovered_period_selected
F2D000221,F2V000221,P1_published_qpp_pdcsap_all,P1,PUBLISHED_QPP_REPRODUCED,WC1,P04,56.05824516433813,54.55426720737119,-1.503977956966942,1.503977956966942,0.026828844758838594,recovered_period_selected
F2D000222,F2V000222,P1_published_qpp_pdcsap_all,P1,PUBLISHED_QPP_REPRODUCED,WC1,P05,56.05824516433813,56.305775751878166,0.24753058754003376,0.24753058754003376,0.004415596435714013,recovered_period_selected
F2D000223,F2V000223,P1_published_qpp_pdcsap_all,P1,PUBLISHED_QPP_REPRODUCED,WX2,P00,56.05824516433813,56.55003605171288,0.49179088737474785,0.49179088737474785,0.00877285555288135,recovered_period_selected
F2D000224,F2V000224,P1_published_qpp_pdcsap_all,P1,PUBLISHED_QPP_REPRODUCED,WX2,P01,56.05824516433813,56.874010124025375,0.8157649596872432,0.8157649596872432,0.014552095901250188,recovered_period_selected
F2D000227,F2V000227,P1_published_qpp_pdcsap_all,P1,PUBLISHED_QPP_REPRODUCED,WX2,P04,56.05824516433813,56.55037457923839,0.49212941490025486,0.49212941490025486,0.008778894406300941,recovered_period_selected
F2D000228,F2V000228,P1_published_qpp_pdcsap_all,P1,PUBLISHED_QPP_REPRODUCED,WX2,P05,56.05824516433813,56.875001327554784,0.8167561632166525,0.8167561632166525,0.014569777573705391,recovered_period_selected
F2D000229,F2V000229,P1_published_qpp_pdcsap_all,P1,PUBLISHED_QPP_REPRODUCED,WC2,P00,56.05824516433813,55.06265688856386,-0.9955882757742742,0.9955882757742742,0.017759890143825355,recovered_period_selected
F2D000230,F2V000230,P1_published_qpp_pdcsap_all,P1,PUBLISHED_QPP_REPRODUCED,WC2,P01,56.05824516433813,54.94650988675488,-1.11173527758325,1.11173527758325,0.019831788781902306,recovered_period_selected
F2D000233,F2V000233,P1_published_qpp_pdcsap_all,P1,PUBLISHED_QPP_REPRODUCED,WC2,P04,56.05824516433813,55.020219413700225,-1.0380257506379067,1.0380257506379067,0.0185169148194859,recovered_period_selected
F2D000234,F2V000234,P1_published_qpp_pdcsap_all,P1,PUBLISHED_QPP_REPRODUCED,WC2,P05,56.05824516433813,54.927653948612,-1.1305912157261346,1.1305912157261346,0.02016815211414018,recovered_period_selected
F2D000313,F2V000313,P2_published_qpp_pdcsap_all,P2,PUBLISHED_QPP_REPRODUCED,W00,P00,73.20974568095586,73.20974568095586,0.0,0.0,0.0,recovered_period_selected
F2D000314,F2V000314,P2_published_qpp_pdcsap_all,P2,PUBLISHED_QPP_REPRODUCED,W00,P01,73.20974568095586,73.24170291043768,0.03195722948181867,0.03195722948181867,0.0004365160564972669,recovered_period_selected
F2D000318,F2V000318,P2_published_qpp_pdcsap_all,P2,PUBLISHED_QPP_REPRODUCED,W00,P05,73.20974568095586,73.2125958319491,0.0028501509932397084,0.0028501509932397084,3.8931305753478685e-05,recovered_period_selected
F2D000319,F2V000319,P2_published_qpp_pdcsap_all,P2,PUBLISHED_QPP_REPRODUCED,WSm2,P00,73.20974568095586,73.24075641720763,0.03101073625177264,0.03101073625177264,0.0004235875423869899,recovered_period_selected
F2D000320,F2V000320,P2_published_qpp_pdcsap_all,P2,PUBLISHED_QPP_REPRODUCED,WSm2,P01,73.20974568095586,73.28486626249376,0.07512058153790235,0.07512058153790235,0.0010261008399793357,recovered_period_selected
F2D000324,F2V000324,P2_published_qpp_pdcsap_all,P2,PUBLISHED_QPP_REPRODUCED,WSm2,P05,73.20974568095586,73.25496360296118,0.04521792200532104,0.04521792200532104,0.0006176489425653562,recovered_period_selected
F2D000325,F2V000325,P2_published_qpp_pdcsap_all,P2,PUBLISHED_QPP_REPRODUCED,WSm1,P00,73.20974568095586,73.2101416438791,0.0003959629232355155,0.0003959629232355155,5.408609462476494e-06,recovered_period_selected
F2D000326,F2V000326,P2_published_qpp_pdcsap_all,P2,PUBLISHED_QPP_REPRODUCED,WSm1,P01,73.20974568095586,73.2524631378503,0.04271745689443662,0.04271745689443662,0.0005834941304207913,recovered_period_selected
F2D000330,F2V000330,P2_published_qpp_pdcsap_all,P2,PUBLISHED_QPP_REPRODUCED,WSm1,P05,73.20974568095586,73.22333915807191,0.013593477116046415,0.013593477116046415,0.00018567851847602445,recovered_period_selected
F2D000331,F2V000331,P2_published_qpp_pdcsap_all,P2,PUBLISHED_QPP_REPRODUCED,WSp1,P00,73.20974568095586,73.22007310647592,0.010327425520060274,0.010327425520060274,0.00014106626684740362,recovered_period_selected
F2D000332,F2V000332,P2_published_qpp_pdcsap_all,P2,PUBLISHED_QPP_REPRODUCED,WSp1,P01,73.20974568095586,73.24860227487278,0.038856593916918314,0.038856593916918314,0.000530757121958233,recovered_period_selected
F2D000335,F2V000335,P2_published_qpp_pdcsap_all,P2,PUBLISHED_QPP_REPRODUCED,WSp1,P04,73.20974568095586,73.17304205472188,-0.0367036262339866,0.0367036262339866,0.0005013489104843913,recovered_period_selected
F2D000336,F2V000336,P2_published_qpp_pdcsap_all,P2,PUBLISHED_QPP_REPRODUCED,WSp1,P05,73.20974568095586,73.22409732109973,0.014351640143871691,0.014351640143871691,0.000196034558109454,recovered_period_selected
F2D000337,F2V000337,P2_published_qpp_pdcsap_all,P2,PUBLISHED_QPP_REPRODUCED,WSp2,P00,73.20974568095586,73.2163156348608,0.006569953904943304,0.006569953904943304,8.974152066549732e-05,recovered_period_selected
F2D000338,F2V000338,P2_published_qpp_pdcsap_all,P2,PUBLISHED_QPP_REPRODUCED,WSp2,P01,73.20974568095586,73.23427951157461,0.024533830618750585,0.024533830618750585,0.0003351170037615989,recovered_period_selected
F2D000341,F2V000341,P2_published_qpp_pdcsap_all,P2,PUBLISHED_QPP_REPRODUCED,WSp2,P04,73.20974568095586,73.17836436388876,-0.03138131706710112,0.03138131706710112,0.0004286494479008193,recovered_period_selected
F2D000342,F2V000342,P2_published_qpp_pdcsap_all,P2,PUBLISHED_QPP_REPRODUCED,WSp2,P05,73.20974568095586,73.21417539430817,0.004429713352308795,0.004429713352308795,6.050715394659678e-05,recovered_period_selected
F2D000344,F2V000344,P2_published_qpp_pdcsap_all,P2,PUBLISHED_QPP_REPRODUCED,WEm2,P01,73.20974568095586,73.20675031900804,-0.002995361947824904,0.002995361947824904,4.09147978860428e-05,recovered_period_selected
F2D000348,F2V000348,P2_published_qpp_pdcsap_all,P2,PUBLISHED_QPP_REPRODUCED,WEm2,P05,73.20974568095586,73.18014877870188,-0.029596902253985036,0.029596902253985036,0.00040427544145511373,recovered_period_selected
F2D000349,F2V000349,P2_published_qpp_pdcsap_all,P2,PUBLISHED_QPP_REPRODUCED,WEm1,P00,73.20974568095586,73.19148275014655,-0.01826293080931407,0.01826293080931407,0.00024946037770576257,recovered_period_selected
F2D000350,F2V000350,P2_published_qpp_pdcsap_all,P2,PUBLISHED_QPP_REPRODUCED,WEm1,P01,73.20974568095586,73.23810881084208,0.028363129886216143,0.028363129886216143,0.0003874228714004982,recovered_period_selected
F2D000354,F2V000354,P2_published_qpp_pdcsap_all,P2,PUBLISHED_QPP_REPRODUCED,WEm1,P05,73.20974568095586,73.21045915646673,0.0007134755108637592,0.0007134755108637592,9.745635696824396e-06,recovered_period_selected
F2D000355,F2V000355,P2_published_qpp_pdcsap_all,P2,PUBLISHED_QPP_REPRODUCED,WEp1,P00,73.20974568095586,73.23345155779802,0.023705876842157636,0.023705876842157636,0.00032380766551855776,recovered_period_selected
F2D000356,F2V000356,P2_published_qpp_pdcsap_all,P2,PUBLISHED_QPP_REPRODUCED,WEp1,P01,73.20974568095586,73.25855130038235,0.04880561942648853,0.04880561942648853,0.0006666546779056002,recovered_period_selected
F2D000359,F2V000359,P2_published_qpp_pdcsap_all,P2,PUBLISHED_QPP_REPRODUCED,WEp1,P04,73.20974568095586,73.18075389601285,-0.028991784943016796,0.028991784943016796,0.0003960099119775861,recovered_period_selected
F2D000360,F2V000360,P2_published_qpp_pdcsap_all,P2,PUBLISHED_QPP_REPRODUCED,WEp1,P05,73.20974568095586,73.23120799534108,0.02146231438521795,0.02146231438521795,0.0002931619852737853,recovered_period_selected
F2D000361,F2V000361,P2_published_qpp_pdcsap_all,P2,PUBLISHED_QPP_REPRODUCED,WEp2,P00,73.20974568095586,73.28134291680198,0.071597235846113,0.071597235846113,0.0009779741095964176,recovered_period_selected
F2D000362,F2V000362,P2_published_qpp_pdcsap_all,P2,PUBLISHED_QPP_REPRODUCED,WEp2,P01,73.20974568095586,73.29298279932483,0.08323711836897019,0.08323711836897019,0.0011369677301122322,recovered_period_selected
F2D000365,F2V000365,P2_published_qpp_pdcsap_all,P2,PUBLISHED_QPP_REPRODUCED,WEp2,P04,73.20974568095586,73.23079870178378,0.021053020827920932,0.021053020827920932,0.00028757128756694316,recovered_period_selected
F2D000366,F2V000366,P2_published_qpp_pdcsap_all,P2,PUBLISHED_QPP_REPRODUCED,WEp2,P05,73.20974568095586,73.26567310145182,0.05592742049596211,0.05592742049596211,0.0007639340906836475,recovered_period_selected
F2D000367,F2V000367,P2_published_qpp_pdcsap_all,P2,PUBLISHED_QPP_REPRODUCED,WX1,P00,73.20974568095586,73.25583667625592,0.04609099530006233,0.04609099530006233,0.0006295745856149318,recovered_period_selected
F2D000368,F2V000368,P2_published_qpp_pdcsap_all,P2,PUBLISHED_QPP_REPRODUCED,WX1,P01,73.20974568095586,73.28463057197958,0.07488489102371432,0.07488489102371432,0.0010228814528335974,recovered_period_selected
F2D000372,F2V000372,P2_published_qpp_pdcsap_all,P2,PUBLISHED_QPP_REPRODUCED,WX1,P05,73.20974568095586,73.25580959951571,0.04606391855985237,0.04606391855985237,0.0006292047340335869,recovered_period_selected
F2D000373,F2V000373,P2_published_qpp_pdcsap_all,P2,PUBLISHED_QPP_REPRODUCED,WC1,P00,73.20974568095586,73.1807656956009,-0.028979985354965265,0.028979985354965265,0.00039584873687799007,recovered_period_selected
F2D000374,F2V000374,P2_published_qpp_pdcsap_all,P2,PUBLISHED_QPP_REPRODUCED,WC1,P01,73.20974568095586,73.2172283441347,0.007482663178834059,0.007482663178834059,0.00010220856675889988,recovered_period_selected
F2D000378,F2V000378,P2_published_qpp_pdcsap_all,P2,PUBLISHED_QPP_REPRODUCED,WC1,P05,73.20974568095586,73.19355893759564,-0.016186743360222522,0.016186743360222522,0.00022110093689935053,recovered_period_selected
F2D000379,F2V000379,P2_published_qpp_pdcsap_all,P2,PUBLISHED_QPP_REPRODUCED,WX2,P00,73.20974568095586,73.29455583732178,0.08481015636591849,0.08481015636591849,0.001158454459540354,recovered_period_selected
F2D000380,F2V000380,P2_published_qpp_pdcsap_all,P2,PUBLISHED_QPP_REPRODUCED,WX2,P01,73.20974568095586,73.31834809603754,0.1086024150816769,0.1086024150816769,0.0014834420482070841,recovered_period_selected
F2D000384,F2V000384,P2_published_qpp_pdcsap_all,P2,PUBLISHED_QPP_REPRODUCED,WX2,P05,73.20974568095586,73.28517492007964,0.0754292391237783,0.0754292391237783,0.0010303169123479117,recovered_period_selected
F2D000385,F2V000385,P2_published_qpp_pdcsap_all,P2,PUBLISHED_QPP_REPRODUCED,WC2,P00,73.20974568095586,73.13282741349178,-0.07691826746408026,0.07691826746408026,0.0010506561216492396,recovered_period_selected
F2D000386,F2V000386,P2_published_qpp_pdcsap_all,P2,PUBLISHED_QPP_REPRODUCED,WC2,P01,73.20974568095586,73.17322099348844,-0.03652468746741988,0.03652468746741988,0.0004989047172297594,recovered_period_selected
F2D000390,F2V000390,P2_published_qpp_pdcsap_all,P2,PUBLISHED_QPP_REPRODUCED,WC2,P05,73.20974568095586,73.1515789103669,-0.058166770588968575,0.058166770588968575,0.0007945222326335654,recovered_period_selected
F2D000469,F2V000469,P3_published_qpp_pdcsap_all,P3,PUBLISHED_QPP_REPRODUCED,W00,P00,44.031313737389596,44.031313737389596,0.0,0.0,0.0,recovered_period_selected
F2D000471,F2V000471,P3_published_qpp_pdcsap_all,P3,PUBLISHED_QPP_REPRODUCED,W00,P02,44.031313737389596,44.031313737389596,0.0,0.0,0.0,recovered_period_selected
F2D000473,F2V000473,P3_published_qpp_pdcsap_all,P3,PUBLISHED_QPP_REPRODUCED,W00,P04,44.031313737389596,44.22217649583494,0.19086275844534129,0.19086275844534129,0.004334705059759968,recovered_period_selected
F2D000475,F2V000475,P3_published_qpp_pdcsap_all,P3,PUBLISHED_QPP_REPRODUCED,WSm2,P00,44.031313737389596,44.22168744550759,0.19037370811799548,0.19037370811799548,0.0043235981840882,recovered_period_selected
F2D000477,F2V000477,P3_published_qpp_pdcsap_all,P3,PUBLISHED_QPP_REPRODUCED,WSm2,P02,44.031313737389596,44.22168744550759,0.19037370811799548,0.19037370811799548,0.0043235981840882,recovered_period_selected
F2D000479,F2V000479,P3_published_qpp_pdcsap_all,P3,PUBLISHED_QPP_REPRODUCED,WSm2,P04,44.031313737389596,44.2087366305765,0.17742289318690752,0.17742289318690752,0.004029470804461763,recovered_period_selected
F2D000481,F2V000481,P3_published_qpp_pdcsap_all,P3,PUBLISHED_QPP_REPRODUCED,WSm1,P00,44.031313737389596,43.516050270210755,-0.5152634671788405,0.5152634671788405,0.011702205168166486,recovered_period_selected
F2D000483,F2V000483,P3_published_qpp_pdcsap_all,P3,PUBLISHED_QPP_REPRODUCED,WSm1,P02,44.031313737389596,43.516050270210755,-0.5152634671788405,0.5152634671788405,0.011702205168166486,recovered_period_selected
F2D000499,F2V000499,P3_published_qpp_pdcsap_all,P3,PUBLISHED_QPP_REPRODUCED,WEm2,P00,44.031313737389596,44.64176392206165,0.6104501846720538,0.6104501846720538,0.013864001158650063,recovered_period_selected
F2D000501,F2V000501,P3_published_qpp_pdcsap_all,P3,PUBLISHED_QPP_REPRODUCED,WEm2,P02,44.031313737389596,44.64176392206165,0.6104501846720538,0.6104501846720538,0.013864001158650063,recovered_period_selected
F2D000503,F2V000503,P3_published_qpp_pdcsap_all,P3,PUBLISHED_QPP_REPRODUCED,WEm2,P04,44.031313737389596,44.64193474591358,0.6106210085239852,0.6106210085239852,0.013867880757904134,recovered_period_selected
F2D000523,F2V000523,P3_published_qpp_pdcsap_all,P3,PUBLISHED_QPP_REPRODUCED,WX1,P00,44.031313737389596,42.762251941547376,-1.2690617958422195,1.2690617958422195,0.028821801761608215,recovered_period_selected
F2D000525,F2V000525,P3_published_qpp_pdcsap_all,P3,PUBLISHED_QPP_REPRODUCED,WX1,P02,44.031313737389596,42.762251941547376,-1.2690617958422195,1.2690617958422195,0.028821801761608215,recovered_period_selected
F2D000527,F2V000527,P3_published_qpp_pdcsap_all,P3,PUBLISHED_QPP_REPRODUCED,WX1,P04,44.031313737389596,42.77532723885536,-1.2559864985342344,1.2559864985342344,0.028524847249054526,recovered_period_selected
F2D000529,F2V000529,P3_published_qpp_pdcsap_all,P3,PUBLISHED_QPP_REPRODUCED,WC1,P00,44.031313737389596,44.271844292971956,0.24053055558236025,0.24053055558236025,0.0054627158530160215,recovered_period_selected
F2D000531,F2V000531,P3_published_qpp_pdcsap_all,P3,PUBLISHED_QPP_REPRODUCED,WC1,P02,44.031313737389596,44.271844292971956,0.24053055558236025,0.24053055558236025,0.0054627158530160215,recovered_period_selected
F2D000535,F2V000535,P3_published_qpp_pdcsap_all,P3,PUBLISHED_QPP_REPRODUCED,WX2,P00,44.031313737389596,41.316619722444926,-2.714694014944669,2.714694014944669,0.0616537137895902,recovered_period_selected
F2D000537,F2V000537,P3_published_qpp_pdcsap_all,P3,PUBLISHED_QPP_REPRODUCED,WX2,P02,44.031313737389596,41.316619722444926,-2.714694014944669,2.714694014944669,0.0616537137895902,recovered_period_selected
F2D000539,F2V000539,P3_published_qpp_pdcsap_all,P3,PUBLISHED_QPP_REPRODUCED,WX2,P04,44.031313737389596,41.31958013969944,-2.7117335976901558,2.7117335976901558,0.06158647942833153,recovered_period_selected
F2D000625,F2V000625,P4_published_qpp_pdcsap_all,P4,PUBLISHED_QPP_REPRODUCED,W00,P00,60.05391261010268,60.05391261010268,0.0,0.0,0.0,recovered_period_selected
F2D000629,F2V000629,P4_published_qpp_pdcsap_all,P4,PUBLISHED_QPP_REPRODUCED,W00,P04,60.05391261010268,60.053915692202736,3.0821000578384883e-06,3.0821000578384883e-06,5.132221905088656e-08,recovered_period_selected
F2D000631,F2V000631,P4_published_qpp_pdcsap_all,P4,PUBLISHED_QPP_REPRODUCED,WSm2,P00,60.05391261010268,60.02129032594199,-0.0326222841606878,0.0326222841606878,0.0005432166322365457,recovered_period_selected
F2D000635,F2V000635,P4_published_qpp_pdcsap_all,P4,PUBLISHED_QPP_REPRODUCED,WSm2,P04,60.05391261010268,60.020604591860334,-0.03330801824234442,0.03330801824234442,0.0005546352734516272,recovered_period_selected
F2D000637,F2V000637,P4_published_qpp_pdcsap_all,P4,PUBLISHED_QPP_REPRODUCED,WSm1,P00,60.05391261010268,60.115595737662325,0.06168312755964678,0.06168312755964678,0.0010271292057208946,recovered_period_selected
F2D000641,F2V000641,P4_published_qpp_pdcsap_all,P4,PUBLISHED_QPP_REPRODUCED,WSm1,P04,60.05391261010268,60.11531523619745,0.061402626094775314,0.061402626094775314,0.0010224583782480435,recovered_period_selected
F2D000643,F2V000643,P4_published_qpp_pdcsap_all,P4,PUBLISHED_QPP_REPRODUCED,WSp1,P00,60.05391261010268,59.6124291068652,-0.4414835032374782,0.4414835032374782,0.007351452787161262,recovered_period_selected
F2D000647,F2V000647,P4_published_qpp_pdcsap_all,P4,PUBLISHED_QPP_REPRODUCED,WSp1,P04,60.05391261010268,59.612817209273224,-0.44109540082945387,0.44109540082945387,0.0073449902205913855,recovered_period_selected
F2D000649,F2V000649,P4_published_qpp_pdcsap_all,P4,PUBLISHED_QPP_REPRODUCED,WSp2,P00,60.05391261010268,59.771545679248234,-0.28236693085444386,0.28236693085444386,0.004701890660941585,recovered_period_selected
F2D000653,F2V000653,P4_published_qpp_pdcsap_all,P4,PUBLISHED_QPP_REPRODUCED,WSp2,P04,60.05391261010268,59.77296162421355,-0.2809509858891275,0.2809509858891275,0.004678312763952436,recovered_period_selected
F2D000655,F2V000655,P4_published_qpp_pdcsap_all,P4,PUBLISHED_QPP_REPRODUCED,WEm2,P00,60.05391261010268,60.34594216871526,0.2920295586125832,0.2920295586125832,0.004862789881961096,recovered_period_selected
F2D000659,F2V000659,P4_published_qpp_pdcsap_all,P4,PUBLISHED_QPP_REPRODUCED,WEm2,P04,60.05391261010268,60.346760548728724,0.2928479386260463,0.2928479386260463,0.004876417304020612,recovered_period_selected
F2D000661,F2V000661,P4_published_qpp_pdcsap_all,P4,PUBLISHED_QPP_REPRODUCED,WEm1,P00,60.05391261010268,59.84476815876972,-0.20914445133296056,0.20914445133296056,0.003482611577547353,recovered_period_selected
F2D000665,F2V000665,P4_published_qpp_pdcsap_all,P4,PUBLISHED_QPP_REPRODUCED,WEm1,P04,60.05391261010268,59.8450990817556,-0.2088135283470791,0.2088135283470791,0.0034771011458119565,recovered_period_selected
F2D000667,F2V000667,P4_published_qpp_pdcsap_all,P4,PUBLISHED_QPP_REPRODUCED,WEp1,P00,60.05391261010268,59.899988712851204,-0.15392389725147382,0.15392389725147382,0.002563095234956926,recovered_period_selected
F2D000671,F2V000671,P4_published_qpp_pdcsap_all,P4,PUBLISHED_QPP_REPRODUCED,WEp1,P04,60.05391261010268,59.89961368258423,-0.15429892751844676,0.15429892751844676,0.002569340128098324,recovered_period_selected
F2D000673,F2V000673,P4_published_qpp_pdcsap_all,P4,PUBLISHED_QPP_REPRODUCED,WEp2,P00,60.05391261010268,59.6178810617901,-0.4360315483125774,0.4360315483125774,0.007260668445426572,recovered_period_selected
F2D000677,F2V000677,P4_published_qpp_pdcsap_all,P4,PUBLISHED_QPP_REPRODUCED,WEp2,P04,60.05391261010268,59.617610547537716,-0.4363020625649625,0.4363020625649625,0.00726517296878946,recovered_period_selected
F2D000679,F2V000679,P4_published_qpp_pdcsap_all,P4,PUBLISHED_QPP_REPRODUCED,WX1,P00,60.05391261010268,59.79963328371039,-0.254279326392286,0.254279326392286,0.004234184174529695,recovered_period_selected
F2D000683,F2V000683,P4_published_qpp_pdcsap_all,P4,PUBLISHED_QPP_REPRODUCED,WX1,P04,60.05391261010268,59.79965706459422,-0.25425554550845675,0.25425554550845675,0.004233788182282134,recovered_period_selected
F2D000685,F2V000685,P4_published_qpp_pdcsap_all,P4,PUBLISHED_QPP_REPRODUCED,WC1,P00,60.05391261010268,60.07018477164848,0.01627216154579969,0.01627216154579969,0.00027095922378023835,recovered_period_selected
F2D000689,F2V000689,P4_published_qpp_pdcsap_all,P4,PUBLISHED_QPP_REPRODUCED,WC1,P04,60.05391261010268,60.07029277986393,0.016380169761248453,0.016380169761248453,0.00027275774465513957,recovered_period_selected
F2D000691,F2V000691,P4_published_qpp_pdcsap_all,P4,PUBLISHED_QPP_REPRODUCED,WX2,P00,60.05391261010268,59.98887238579957,-0.06504022430311096,0.06504022430311096,0.001083030588287922,recovered_period_selected
F2D000695,F2V000695,P4_published_qpp_pdcsap_all,P4,PUBLISHED_QPP_REPRODUCED,WX2,P04,60.05391261010268,59.98864709887237,-0.065265511230308,0.065265511230308,0.0010867819996016144,recovered_period_selected
F2D000697,F2V000697,P4_published_qpp_pdcsap_all,P4,PUBLISHED_QPP_REPRODUCED,WC2,P00,60.05391261010268,59.71857204603265,-0.3353405640700302,0.3353405640700302,0.005583991941494532,recovered_period_selected
F2D000701,F2V000701,P4_published_qpp_pdcsap_all,P4,PUBLISHED_QPP_REPRODUCED,WC2,P04,60.05391261010268,59.71894923101063,-0.334963379092045,0.334963379092045,0.00557771116874232,recovered_period_selected
