condition_id,ground_truth,n_samples,duration_s,red_noise_alpha,period_s,qpp_fraction,minimum_cycles,data_seed_start,data_seed_end,data_seed_count,primary_optimizer_seed,stability_data_seed,stability_optimizer_seed_start,stability_optimizer_seed_end,planned_series_count,planned_primary_model_calls,planned_stability_model_calls,planned_total_model_calls
C001_NULL_N015_A0,NULL_FLARE_RED_NOISE,15,280,0,,,,0,39,40,0,0,1,9,40,120,27,147
C002_NULL_N015_A1,NULL_FLARE_RED_NOISE,15,280,1,,,,0,39,40,0,0,1,9,40,120,27,147
C003_NULL_N015_A2,NULL_FLARE_RED_NOISE,15,280,2,,,,0,39,40,0,0,1,9,40,120,27,147
C004_NULL_N030_A0,NULL_FLARE_RED_NOISE,30,580,0,,,,0,39,40,0,0,1,9,40,120,27,147
C005_NULL_N030_A1,NULL_FLARE_RED_NOISE,30,580,1,,,,0,39,40,0,0,1,9,40,120,27,147
C006_NULL_N030_A2,NULL_FLARE_RED_NOISE,30,580,2,,,,0,39,40,0,0,1,9,40,120,27,147
C007_NULL_N060_A0,NULL_FLARE_RED_NOISE,60,1180,0,,,,0,39,40,0,0,1,9,40,120,27,147
C008_NULL_N060_A1,NULL_FLARE_RED_NOISE,60,1180,1,,,,0,39,40,0,0,1,9,40,120,27,147
C009_NULL_N060_A2,NULL_FLARE_RED_NOISE,60,1180,2,,,,0,39,40,0,0,1,9,40,120,27,147
C010_NULL_N120_A0,NULL_FLARE_RED_NOISE,120,2380,0,,,,0,39,40,0,0,1,9,40,120,27,147
C011_NULL_N120_A1,NULL_FLARE_RED_NOISE,120,2380,1,,,,0,39,40,0,0,1,9,40,120,27,147
C012_NULL_N120_A2,NULL_FLARE_RED_NOISE,120,2380,2,,,,0,39,40,0,0,1,9,40,120,27,147
C013_QPP_N015_P050_A0_Q010,STATIONARY_QPP_PRESENT,15,280,0,50,0.01,5.6,0,39,40,0,0,1,9,40,120,27,147
C014_QPP_N015_P050_A0_Q020,STATIONARY_QPP_PRESENT,15,280,0,50,0.02,5.6,0,39,40,0,0,1,9,40,120,27,147
C015_QPP_N015_P050_A0_Q040,STATIONARY_QPP_PRESENT,15,280,0,50,0.04,5.6,0,39,40,0,0,1,9,40,120,27,147
C016_QPP_N015_P050_A1_Q010,STATIONARY_QPP_PRESENT,15,280,1,50,0.01,5.6,0,39,40,0,0,1,9,40,120,27,147
C017_QPP_N015_P050_A1_Q020,STATIONARY_QPP_PRESENT,15,280,1,50,0.02,5.6,0,39,40,0,0,1,9,40,120,27,147
C018_QPP_N015_P050_A1_Q040,STATIONARY_QPP_PRESENT,15,280,1,50,0.04,5.6,0,39,40,0,0,1,9,40,120,27,147
C019_QPP_N015_P050_A2_Q010,STATIONARY_QPP_PRESENT,15,280,2,50,0.01,5.6,0,39,40,0,0,1,9,40,120,27,147
C020_QPP_N015_P050_A2_Q020,STATIONARY_QPP_PRESENT,15,280,2,50,0.02,5.6,0,39,40,0,0,1,9,40,120,27,147
C021_QPP_N015_P050_A2_Q040,STATIONARY_QPP_PRESENT,15,280,2,50,0.04,5.6,0,39,40,0,0,1,9,40,120,27,147
C022_QPP_N015_P080_A0_Q010,STATIONARY_QPP_PRESENT,15,280,0,80,0.01,3.5,0,39,40,0,0,1,9,40,120,27,147
C023_QPP_N015_P080_A0_Q020,STATIONARY_QPP_PRESENT,15,280,0,80,0.02,3.5,0,39,40,0,0,1,9,40,120,27,147
C024_QPP_N015_P080_A0_Q040,STATIONARY_QPP_PRESENT,15,280,0,80,0.04,3.5,0,39,40,0,0,1,9,40,120,27,147
C025_QPP_N015_P080_A1_Q010,STATIONARY_QPP_PRESENT,15,280,1,80,0.01,3.5,0,39,40,0,0,1,9,40,120,27,147
C026_QPP_N015_P080_A1_Q020,STATIONARY_QPP_PRESENT,15,280,1,80,0.02,3.5,0,39,40,0,0,1,9,40,120,27,147
C027_QPP_N015_P080_A1_Q040,STATIONARY_QPP_PRESENT,15,280,1,80,0.04,3.5,0,39,40,0,0,1,9,40,120,27,147
C028_QPP_N015_P080_A2_Q010,STATIONARY_QPP_PRESENT,15,280,2,80,0.01,3.5,0,39,40,0,0,1,9,40,120,27,147
C029_QPP_N015_P080_A2_Q020,STATIONARY_QPP_PRESENT,15,280,2,80,0.02,3.5,0,39,40,0,0,1,9,40,120,27,147
C030_QPP_N015_P080_A2_Q040,STATIONARY_QPP_PRESENT,15,280,2,80,0.04,3.5,0,39,40,0,0,1,9,40,120,27,147
C031_QPP_N030_P050_A0_Q010,STATIONARY_QPP_PRESENT,30,580,0,50,0.01,11.6,0,39,40,0,0,1,9,40,120,27,147
C032_QPP_N030_P050_A0_Q020,STATIONARY_QPP_PRESENT,30,580,0,50,0.02,11.6,0,39,40,0,0,1,9,40,120,27,147
C033_QPP_N030_P050_A0_Q040,STATIONARY_QPP_PRESENT,30,580,0,50,0.04,11.6,0,39,40,0,0,1,9,40,120,27,147
C034_QPP_N030_P050_A1_Q010,STATIONARY_QPP_PRESENT,30,580,1,50,0.01,11.6,0,39,40,0,0,1,9,40,120,27,147
C035_QPP_N030_P050_A1_Q020,STATIONARY_QPP_PRESENT,30,580,1,50,0.02,11.6,0,39,40,0,0,1,9,40,120,27,147
C036_QPP_N030_P050_A1_Q040,STATIONARY_QPP_PRESENT,30,580,1,50,0.04,11.6,0,39,40,0,0,1,9,40,120,27,147
C037_QPP_N030_P050_A2_Q010,STATIONARY_QPP_PRESENT,30,580,2,50,0.01,11.6,0,39,40,0,0,1,9,40,120,27,147
C038_QPP_N030_P050_A2_Q020,STATIONARY_QPP_PRESENT,30,580,2,50,0.02,11.6,0,39,40,0,0,1,9,40,120,27,147
C039_QPP_N030_P050_A2_Q040,STATIONARY_QPP_PRESENT,30,580,2,50,0.04,11.6,0,39,40,0,0,1,9,40,120,27,147
C040_QPP_N030_P080_A0_Q010,STATIONARY_QPP_PRESENT,30,580,0,80,0.01,7.25,0,39,40,0,0,1,9,40,120,27,147
C041_QPP_N030_P080_A0_Q020,STATIONARY_QPP_PRESENT,30,580,0,80,0.02,7.25,0,39,40,0,0,1,9,40,120,27,147
C042_QPP_N030_P080_A0_Q040,STATIONARY_QPP_PRESENT,30,580,0,80,0.04,7.25,0,39,40,0,0,1,9,40,120,27,147
C043_QPP_N030_P080_A1_Q010,STATIONARY_QPP_PRESENT,30,580,1,80,0.01,7.25,0,39,40,0,0,1,9,40,120,27,147
C044_QPP_N030_P080_A1_Q020,STATIONARY_QPP_PRESENT,30,580,1,80,0.02,7.25,0,39,40,0,0,1,9,40,120,27,147
C045_QPP_N030_P080_A1_Q040,STATIONARY_QPP_PRESENT,30,580,1,80,0.04,7.25,0,39,40,0,0,1,9,40,120,27,147
C046_QPP_N030_P080_A2_Q010,STATIONARY_QPP_PRESENT,30,580,2,80,0.01,7.25,0,39,40,0,0,1,9,40,120,27,147
C047_QPP_N030_P080_A2_Q020,STATIONARY_QPP_PRESENT,30,580,2,80,0.02,7.25,0,39,40,0,0,1,9,40,120,27,147
C048_QPP_N030_P080_A2_Q040,STATIONARY_QPP_PRESENT,30,580,2,80,0.04,7.25,0,39,40,0,0,1,9,40,120,27,147
C049_QPP_N030_P140_A0_Q010,STATIONARY_QPP_PRESENT,30,580,0,140,0.01,4.14285714285714,0,39,40,0,0,1,9,40,120,27,147
C050_QPP_N030_P140_A0_Q020,STATIONARY_QPP_PRESENT,30,580,0,140,0.02,4.14285714285714,0,39,40,0,0,1,9,40,120,27,147
C051_QPP_N030_P140_A0_Q040,STATIONARY_QPP_PRESENT,30,580,0,140,0.04,4.14285714285714,0,39,40,0,0,1,9,40,120,27,147
C052_QPP_N030_P140_A1_Q010,STATIONARY_QPP_PRESENT,30,580,1,140,0.01,4.14285714285714,0,39,40,0,0,1,9,40,120,27,147
C053_QPP_N030_P140_A1_Q020,STATIONARY_QPP_PRESENT,30,580,1,140,0.02,4.14285714285714,0,39,40,0,0,1,9,40,120,27,147
C054_QPP_N030_P140_A1_Q040,STATIONARY_QPP_PRESENT,30,580,1,140,0.04,4.14285714285714,0,39,40,0,0,1,9,40,120,27,147
C055_QPP_N030_P140_A2_Q010,STATIONARY_QPP_PRESENT,30,580,2,140,0.01,4.14285714285714,0,39,40,0,0,1,9,40,120,27,147
C056_QPP_N030_P140_A2_Q020,STATIONARY_QPP_PRESENT,30,580,2,140,0.02,4.14285714285714,0,39,40,0,0,1,9,40,120,27,147
C057_QPP_N030_P140_A2_Q040,STATIONARY_QPP_PRESENT,30,580,2,140,0.04,4.14285714285714,0,39,40,0,0,1,9,40,120,27,147
C058_QPP_N060_P050_A0_Q010,STATIONARY_QPP_PRESENT,60,1180,0,50,0.01,23.6,0,39,40,0,0,1,9,40,120,27,147
C059_QPP_N060_P050_A0_Q020,STATIONARY_QPP_PRESENT,60,1180,0,50,0.02,23.6,0,39,40,0,0,1,9,40,120,27,147
C060_QPP_N060_P050_A0_Q040,STATIONARY_QPP_PRESENT,60,1180,0,50,0.04,23.6,0,39,40,0,0,1,9,40,120,27,147
C061_QPP_N060_P050_A1_Q010,STATIONARY_QPP_PRESENT,60,1180,1,50,0.01,23.6,0,39,40,0,0,1,9,40,120,27,147
C062_QPP_N060_P050_A1_Q020,STATIONARY_QPP_PRESENT,60,1180,1,50,0.02,23.6,0,39,40,0,0,1,9,40,120,27,147
C063_QPP_N060_P050_A1_Q040,STATIONARY_QPP_PRESENT,60,1180,1,50,0.04,23.6,0,39,40,0,0,1,9,40,120,27,147
C064_QPP_N060_P050_A2_Q010,STATIONARY_QPP_PRESENT,60,1180,2,50,0.01,23.6,0,39,40,0,0,1,9,40,120,27,147
C065_QPP_N060_P050_A2_Q020,STATIONARY_QPP_PRESENT,60,1180,2,50,0.02,23.6,0,39,40,0,0,1,9,40,120,27,147
C066_QPP_N060_P050_A2_Q040,STATIONARY_QPP_PRESENT,60,1180,2,50,0.04,23.6,0,39,40,0,0,1,9,40,120,27,147
C067_QPP_N060_P080_A0_Q010,STATIONARY_QPP_PRESENT,60,1180,0,80,0.01,14.75,0,39,40,0,0,1,9,40,120,27,147
C068_QPP_N060_P080_A0_Q020,STATIONARY_QPP_PRESENT,60,1180,0,80,0.02,14.75,0,39,40,0,0,1,9,40,120,27,147
C069_QPP_N060_P080_A0_Q040,STATIONARY_QPP_PRESENT,60,1180,0,80,0.04,14.75,0,39,40,0,0,1,9,40,120,27,147
C070_QPP_N060_P080_A1_Q010,STATIONARY_QPP_PRESENT,60,1180,1,80,0.01,14.75,0,39,40,0,0,1,9,40,120,27,147
C071_QPP_N060_P080_A1_Q020,STATIONARY_QPP_PRESENT,60,1180,1,80,0.02,14.75,0,39,40,0,0,1,9,40,120,27,147
C072_QPP_N060_P080_A1_Q040,STATIONARY_QPP_PRESENT,60,1180,1,80,0.04,14.75,0,39,40,0,0,1,9,40,120,27,147
C073_QPP_N060_P080_A2_Q010,STATIONARY_QPP_PRESENT,60,1180,2,80,0.01,14.75,0,39,40,0,0,1,9,40,120,27,147
C074_QPP_N060_P080_A2_Q020,STATIONARY_QPP_PRESENT,60,1180,2,80,0.02,14.75,0,39,40,0,0,1,9,40,120,27,147
C075_QPP_N060_P080_A2_Q040,STATIONARY_QPP_PRESENT,60,1180,2,80,0.04,14.75,0,39,40,0,0,1,9,40,120,27,147
C076_QPP_N060_P140_A0_Q010,STATIONARY_QPP_PRESENT,60,1180,0,140,0.01,8.42857142857143,0,39,40,0,0,1,9,40,120,27,147
C077_QPP_N060_P140_A0_Q020,STATIONARY_QPP_PRESENT,60,1180,0,140,0.02,8.42857142857143,0,39,40,0,0,1,9,40,120,27,147
C078_QPP_N060_P140_A0_Q040,STATIONARY_QPP_PRESENT,60,1180,0,140,0.04,8.42857142857143,0,39,40,0,0,1,9,40,120,27,147
C079_QPP_N060_P140_A1_Q010,STATIONARY_QPP_PRESENT,60,1180,1,140,0.01,8.42857142857143,0,39,40,0,0,1,9,40,120,27,147
C080_QPP_N060_P140_A1_Q020,STATIONARY_QPP_PRESENT,60,1180,1,140,0.02,8.42857142857143,0,39,40,0,0,1,9,40,120,27,147
C081_QPP_N060_P140_A1_Q040,STATIONARY_QPP_PRESENT,60,1180,1,140,0.04,8.42857142857143,0,39,40,0,0,1,9,40,120,27,147
C082_QPP_N060_P140_A2_Q010,STATIONARY_QPP_PRESENT,60,1180,2,140,0.01,8.42857142857143,0,39,40,0,0,1,9,40,120,27,147
C083_QPP_N060_P140_A2_Q020,STATIONARY_QPP_PRESENT,60,1180,2,140,0.02,8.42857142857143,0,39,40,0,0,1,9,40,120,27,147
C084_QPP_N060_P140_A2_Q040,STATIONARY_QPP_PRESENT,60,1180,2,140,0.04,8.42857142857143,0,39,40,0,0,1,9,40,120,27,147
C085_QPP_N120_P050_A0_Q010,STATIONARY_QPP_PRESENT,120,2380,0,50,0.01,47.6,0,39,40,0,0,1,9,40,120,27,147
C086_QPP_N120_P050_A0_Q020,STATIONARY_QPP_PRESENT,120,2380,0,50,0.02,47.6,0,39,40,0,0,1,9,40,120,27,147
C087_QPP_N120_P050_A0_Q040,STATIONARY_QPP_PRESENT,120,2380,0,50,0.04,47.6,0,39,40,0,0,1,9,40,120,27,147
C088_QPP_N120_P050_A1_Q010,STATIONARY_QPP_PRESENT,120,2380,1,50,0.01,47.6,0,39,40,0,0,1,9,40,120,27,147
C089_QPP_N120_P050_A1_Q020,STATIONARY_QPP_PRESENT,120,2380,1,50,0.02,47.6,0,39,40,0,0,1,9,40,120,27,147
C090_QPP_N120_P050_A1_Q040,STATIONARY_QPP_PRESENT,120,2380,1,50,0.04,47.6,0,39,40,0,0,1,9,40,120,27,147
C091_QPP_N120_P050_A2_Q010,STATIONARY_QPP_PRESENT,120,2380,2,50,0.01,47.6,0,39,40,0,0,1,9,40,120,27,147
C092_QPP_N120_P050_A2_Q020,STATIONARY_QPP_PRESENT,120,2380,2,50,0.02,47.6,0,39,40,0,0,1,9,40,120,27,147
C093_QPP_N120_P050_A2_Q040,STATIONARY_QPP_PRESENT,120,2380,2,50,0.04,47.6,0,39,40,0,0,1,9,40,120,27,147
C094_QPP_N120_P080_A0_Q010,STATIONARY_QPP_PRESENT,120,2380,0,80,0.01,29.75,0,39,40,0,0,1,9,40,120,27,147
C095_QPP_N120_P080_A0_Q020,STATIONARY_QPP_PRESENT,120,2380,0,80,0.02,29.75,0,39,40,0,0,1,9,40,120,27,147
C096_QPP_N120_P080_A0_Q040,STATIONARY_QPP_PRESENT,120,2380,0,80,0.04,29.75,0,39,40,0,0,1,9,40,120,27,147
C097_QPP_N120_P080_A1_Q010,STATIONARY_QPP_PRESENT,120,2380,1,80,0.01,29.75,0,39,40,0,0,1,9,40,120,27,147
C098_QPP_N120_P080_A1_Q020,STATIONARY_QPP_PRESENT,120,2380,1,80,0.02,29.75,0,39,40,0,0,1,9,40,120,27,147
C099_QPP_N120_P080_A1_Q040,STATIONARY_QPP_PRESENT,120,2380,1,80,0.04,29.75,0,39,40,0,0,1,9,40,120,27,147
C100_QPP_N120_P080_A2_Q010,STATIONARY_QPP_PRESENT,120,2380,2,80,0.01,29.75,0,39,40,0,0,1,9,40,120,27,147
C101_QPP_N120_P080_A2_Q020,STATIONARY_QPP_PRESENT,120,2380,2,80,0.02,29.75,0,39,40,0,0,1,9,40,120,27,147
C102_QPP_N120_P080_A2_Q040,STATIONARY_QPP_PRESENT,120,2380,2,80,0.04,29.75,0,39,40,0,0,1,9,40,120,27,147
C103_QPP_N120_P140_A0_Q010,STATIONARY_QPP_PRESENT,120,2380,0,140,0.01,17,0,39,40,0,0,1,9,40,120,27,147
C104_QPP_N120_P140_A0_Q020,STATIONARY_QPP_PRESENT,120,2380,0,140,0.02,17,0,39,40,0,0,1,9,40,120,27,147
C105_QPP_N120_P140_A0_Q040,STATIONARY_QPP_PRESENT,120,2380,0,140,0.04,17,0,39,40,0,0,1,9,40,120,27,147
C106_QPP_N120_P140_A1_Q010,STATIONARY_QPP_PRESENT,120,2380,1,140,0.01,17,0,39,40,0,0,1,9,40,120,27,147
C107_QPP_N120_P140_A1_Q020,STATIONARY_QPP_PRESENT,120,2380,1,140,0.02,17,0,39,40,0,0,1,9,40,120,27,147
C108_QPP_N120_P140_A1_Q040,STATIONARY_QPP_PRESENT,120,2380,1,140,0.04,17,0,39,40,0,0,1,9,40,120,27,147
C109_QPP_N120_P140_A2_Q010,STATIONARY_QPP_PRESENT,120,2380,2,140,0.01,17,0,39,40,0,0,1,9,40,120,27,147
C110_QPP_N120_P140_A2_Q020,STATIONARY_QPP_PRESENT,120,2380,2,140,0.02,17,0,39,40,0,0,1,9,40,120,27,147
C111_QPP_N120_P140_A2_Q040,STATIONARY_QPP_PRESENT,120,2380,2,140,0.04,17,0,39,40,0,0,1,9,40,120,27,147
