condition_id,series_id,ground_truth,n_samples,red_noise_alpha,period_s,qpp_fraction,n_valid_optimizer_seeds,n_selected_optimizer_seeds,optimizer_seed_decision_discordance,any_decision_change,m0_bic_range,m1_bic_range,m2_bic_range,m2_multiple_solution_flag,formal_m1_period_range_s,selected_period_range_s,m0_bound_seed_count,m1_bound_seed_count,m2_bound_seed_count,m0_warning_seed_count,m1_warning_seed_count,m2_warning_seed_count
C001_NULL_N015_A0,S000001,NULL_FLARE_RED_NOISE,15,0.0,,,10,0,0.0,false,2.4511173535302078e-08,4.603655439083809e-06,0.09827440615095817,true,0.03100522414129614,,1,10,1,0,0,1
C002_NULL_N015_A1,S000041,NULL_FLARE_RED_NOISE,15,1.0,,,10,0,0.0,false,1.2363443602225743e-12,0.024246573508015956,0.2938490758631289,true,43.53955393586094,,0,5,4,0,0,0
C003_NULL_N015_A2,S000081,NULL_FLARE_RED_NOISE,15,2.0,,,10,0,0.0,false,1.0516032489249483e-12,3.3865974131686016e-06,0.25987079427459925,true,4.907746063132123,,0,0,4,0,0,0
C004_NULL_N030_A0,S000121,NULL_FLARE_RED_NOISE,30,0.0,,,10,0,0.0,false,3.886668764607748e-12,0.02580320675694736,0.1641844139100357,true,254.43713008420175,,0,8,3,0,0,1
C005_NULL_N030_A1,S000161,NULL_FLARE_RED_NOISE,30,1.0,,,10,0,0.0,false,2.4940050025179517e-12,1.6339583908120403e-08,0.31184248928361313,true,6.12527528645046e-05,,0,10,3,0,0,3
C006_NULL_N030_A2,S000201,NULL_FLARE_RED_NOISE,30,2.0,,,10,0,0.0,false,2.4868995751603507e-12,3.66964947318138e-07,0.1813076319461402,true,0.0007939456210976914,,0,0,0,0,0,1
C007_NULL_N060_A0,S000241,NULL_FLARE_RED_NOISE,60,0.0,,,10,0,0.0,false,1.318767317570746e-11,4.0927602640294936e-08,0.2729325974522112,true,0.0005510216447106586,,0,10,3,0,0,6
C008_NULL_N060_A1,S000281,NULL_FLARE_RED_NOISE,60,1.0,,,10,0,0.0,false,4.496314431889914e-11,2.568185664131306e-09,0.0024768954565388412,true,9.674553856342527e-05,,0,10,0,0,0,3
C009_NULL_N060_A2,S000321,NULL_FLARE_RED_NOISE,60,2.0,,,10,0,0.0,false,1.6711965145077556e-11,1.5680478497870354e-06,0.0009418825938212194,false,0.0018371191815163002,,0,10,3,0,0,3
C010_NULL_N120_A0,S000361,NULL_FLARE_RED_NOISE,120,0.0,,,10,0,0.0,false,3.376499080331996e-11,2.781121111183893e-09,0.7163121909197798,true,0.0,,0,10,1,0,0,9
C011_NULL_N120_A1,S000401,NULL_FLARE_RED_NOISE,120,1.0,,,10,0,0.0,false,1.3869794202037156e-11,3.294189809821546e-09,1.0940668056356344,true,0.00038258718066686015,,0,10,2,0,0,10
C012_NULL_N120_A2,S000441,NULL_FLARE_RED_NOISE,120,2.0,,,10,0,0.0,false,1.546140993013978e-11,2.9120678846084047e-07,0.14635419680780615,true,0.0069605828064709385,,0,10,3,0,0,9
C013_QPP_N015_P050_A0_Q010,S000481,STATIONARY_QPP_PRESENT,15,0.0,50.0,0.01,10,0,0.0,false,3.185268582228673e-08,0.0022240366991521654,0.053424124475089485,true,79.27626656269146,,2,9,2,0,0,0
C014_QPP_N015_P050_A0_Q020,S000521,STATIONARY_QPP_PRESENT,15,0.0,50.0,0.02,10,0,0.0,false,1.2359116396964964e-08,2.186395844816502e-06,0.023760563071114404,true,9.719862633503638,,6,0,1,0,0,1
C015_QPP_N015_P050_A0_Q040,S000561,STATIONARY_QPP_PRESENT,15,0.0,50.0,0.04,10,0,0.0,false,2.0218548613115672e-08,0.0001218701808483047,0.00020395981817777908,false,27.193100122971032,,6,0,3,0,0,0
C016_QPP_N015_P050_A1_Q010,S000601,STATIONARY_QPP_PRESENT,15,1.0,50.0,0.01,10,0,0.0,false,6.483702463810914e-13,0.002706863136269888,0.3410189201305389,true,43.28617811348619,,0,9,2,0,0,1
C017_QPP_N015_P050_A1_Q020,S000641,STATIONARY_QPP_PRESENT,15,1.0,50.0,0.02,10,0,0.0,false,1.652011860642233e-12,5.440216614971405e-07,0.40647939523063314,true,0.02732721238064073,,0,10,2,0,0,2
C018_QPP_N015_P050_A1_Q040,S000681,STATIONARY_QPP_PRESENT,15,1.0,50.0,0.04,10,0,0.0,false,3.753442001652729e-12,3.663771064310595e-07,0.5342422615929028,true,0.0008041050172167274,,0,7,9,0,0,1
C019_QPP_N015_P050_A2_Q010,S000721,STATIONARY_QPP_PRESENT,15,2.0,50.0,0.01,10,0,0.0,false,3.639755163931113e-12,1.2773674427535298e-05,0.1696684830270172,true,9.11914783696497,,0,1,1,0,0,0
C020_QPP_N015_P050_A2_Q020,S000761,STATIONARY_QPP_PRESENT,15,2.0,50.0,0.02,10,0,0.0,false,1.2230358947817876e-08,0.019035002617423302,0.05479901431102974,true,84.97474422705343,,1,8,3,0,0,0
C021_QPP_N015_P050_A2_Q040,S000801,STATIONARY_QPP_PRESENT,15,2.0,50.0,0.04,10,0,0.0,false,5.810496794822484e-08,2.6281742648848194e-07,0.25757939570735644,true,0.00038452321790316546,,3,7,1,0,0,0
C022_QPP_N015_P080_A0_Q010,S000841,STATIONARY_QPP_PRESENT,15,0.0,80.0,0.01,10,0,0.0,false,4.757383820219729e-09,0.00013528516829630632,0.15022952643783682,true,9.977119760034924,,0,0,0,0,0,0
C023_QPP_N015_P080_A0_Q020,S000881,STATIONARY_QPP_PRESENT,15,0.0,80.0,0.02,10,0,0.0,false,5.1743498374889896e-11,1.5537763303541396e-05,0.20956504836922285,true,4.247786051687683,,0,0,1,0,0,0
C024_QPP_N015_P080_A0_Q040,S000921,STATIONARY_QPP_PRESENT,15,0.0,80.0,0.04,10,0,0.0,false,1.2821743666791008e-11,1.3323882559035383e-05,0.4531814789668829,true,3.4869068642766194,,0,0,8,0,0,0
C025_QPP_N015_P080_A1_Q010,S000961,STATIONARY_QPP_PRESENT,15,1.0,80.0,0.01,10,0,0.0,false,8.988365607365267e-13,0.0007121816183417451,0.2787716186127369,true,83.19898082585937,,0,3,0,0,0,0
C026_QPP_N015_P080_A1_Q020,S001001,STATIONARY_QPP_PRESENT,15,1.0,80.0,0.02,10,0,0.0,false,4.369837824924616e-13,0.011809296108493683,0.26038768873527296,true,80.17129646228909,,0,6,0,0,0,2
C027_QPP_N015_P080_A1_Q040,S001041,STATIONARY_QPP_PRESENT,15,1.0,80.0,0.04,10,0,0.0,false,3.453237695794087e-12,0.07085615779148924,0.21341008041506093,true,69.97414523744254,,0,2,1,0,0,0
C028_QPP_N015_P080_A2_Q010,S001081,STATIONARY_QPP_PRESENT,15,2.0,80.0,0.01,10,0,0.0,false,4.630962280316453e-12,7.55782489907375e-05,0.2313974640796843,true,7.468732252825021,,0,0,2,0,0,0
C029_QPP_N015_P080_A2_Q020,S001121,STATIONARY_QPP_PRESENT,15,2.0,80.0,0.02,10,0,0.0,false,1.5212719972623745e-11,1.7026144920606612e-06,0.21065184168394602,true,4.473797158849791,,0,0,2,0,0,0
C030_QPP_N015_P080_A2_Q040,S001161,STATIONARY_QPP_PRESENT,15,2.0,80.0,0.04,10,0,0.0,false,4.937916742164816e-11,0.01040105157979987,0.1644063445137096,true,27.675280588121396,,0,10,0,0,0,3
C031_QPP_N030_P050_A0_Q010,S001201,STATIONARY_QPP_PRESENT,30,0.0,50.0,0.01,10,0,0.0,false,5.5990767577895895e-12,0.0023906726450064752,0.06092077698190934,true,215.88182668725503,,0,2,3,0,0,2
C032_QPP_N030_P050_A0_Q020,S001241,STATIONARY_QPP_PRESENT,30,0.0,50.0,0.02,10,0,0.0,false,3.26139115713886e-12,5.1821984925481956e-08,3.5655401106282625e-05,false,0.0009670556923779827,,0,0,0,0,0,1
C033_QPP_N030_P050_A0_Q040,S001281,STATIONARY_QPP_PRESENT,30,0.0,50.0,0.04,10,0,0.0,false,1.7834622667578515e-12,9.490013326285407e-07,0.03156486312269635,true,0.0004716737830605666,,0,2,2,0,0,2
C034_QPP_N030_P050_A1_Q010,S001321,STATIONARY_QPP_PRESENT,30,1.0,50.0,0.01,10,0,0.0,false,3.360867140145274e-12,5.232081434769498e-10,0.25055792412278777,true,5.549655895720207e-05,,0,10,0,0,0,4
C035_QPP_N030_P050_A1_Q020,S001361,STATIONARY_QPP_PRESENT,30,1.0,50.0,0.02,10,0,0.0,false,1.9042545318370685e-12,0.24519216008427946,0.14775868888512633,true,243.29828508130407,,0,10,0,0,0,3
C036_QPP_N030_P050_A1_Q040,S001401,STATIONARY_QPP_PRESENT,30,1.0,50.0,0.04,10,0,0.0,false,6.707523425575346e-12,3.1198581496028055e-09,0.18781120740914758,true,0.00011112031947391188,,0,0,4,0,0,4
C037_QPP_N030_P050_A2_Q010,S001441,STATIONARY_QPP_PRESENT,30,2.0,50.0,0.01,10,0,0.0,false,5.286437954055145e-12,3.6388421165156615e-08,0.1348308545346555,true,0.0007053327016919297,,0,0,0,0,0,0
C038_QPP_N030_P050_A2_Q020,S001481,STATIONARY_QPP_PRESENT,30,2.0,50.0,0.02,10,0,0.0,false,1.4175327578413999e-11,8.446845214393761e-07,0.4148927112925449,true,0.0008133028988908109,,0,10,5,0,0,1
C039_QPP_N030_P050_A2_Q040,S001521,STATIONARY_QPP_PRESENT,30,2.0,50.0,0.04,10,0,0.0,false,2.4229507289419416e-12,3.7360896953941847e-07,1.1680793078589602,true,0.001811900531890842,,0,6,8,0,0,2
C040_QPP_N030_P080_A0_Q010,S001561,STATIONARY_QPP_PRESENT,30,0.0,80.0,0.01,10,0,0.0,false,4.320099833421409e-12,1.425438895807929e-07,0.17944676989721842,true,2.987690894684647e-05,,0,10,2,0,0,3
C041_QPP_N030_P080_A0_Q020,S001601,STATIONARY_QPP_PRESENT,30,0.0,80.0,0.02,10,0,0.0,false,1.1937117960769683e-11,5.433248730923879e-07,0.21616883575357804,true,0.0011338205272934943,,0,10,7,0,0,2
C042_QPP_N030_P080_A0_Q040,S001641,STATIONARY_QPP_PRESENT,30,0.0,80.0,0.04,10,0,0.0,false,1.0999201549566351e-11,0.3440740632329238,0.5760400474109773,true,0.24962859279143856,,0,10,6,0,0,1
C043_QPP_N030_P080_A1_Q010,S001681,STATIONARY_QPP_PRESENT,30,1.0,80.0,0.01,10,0,0.0,false,1.3216094885137863e-12,4.145405796407431e-09,0.2308001574656231,true,0.00013632463683421747,,0,10,1,0,0,6
C044_QPP_N030_P080_A1_Q020,S001721,STATIONARY_QPP_PRESENT,30,1.0,80.0,0.02,10,0,0.0,false,1.4566126083082054e-12,4.99090575090122e-07,0.3361606991980892,true,0.0002597616452888474,,0,10,8,0,0,5
C045_QPP_N030_P080_A1_Q040,S001761,STATIONARY_QPP_PRESENT,30,1.0,80.0,0.04,10,0,0.0,false,1.3855583347321954e-12,3.4522660996572085e-07,0.8138648971441427,true,0.0010932185833354424,,0,10,10,0,0,6
C046_QPP_N030_P080_A2_Q010,S001801,STATIONARY_QPP_PRESENT,30,2.0,80.0,0.01,10,0,0.0,false,4.128253294766182e-12,6.158230263508813e-07,0.11120715624757338,true,0.0006625011745384768,,0,0,0,0,0,1
C047_QPP_N030_P080_A2_Q020,S001841,STATIONARY_QPP_PRESENT,30,2.0,80.0,0.02,10,0,0.0,false,1.4999557151895715e-11,0.04811281149579116,0.376868437352762,true,33.4583164908256,,0,9,7,0,0,0
C048_QPP_N030_P080_A2_Q040,S001881,STATIONARY_QPP_PRESENT,30,2.0,80.0,0.04,10,0,0.0,false,4.5449162655586406e-08,0.22477650877443978,0.795086559659822,true,0.15571944853952857,,8,10,7,0,0,1
C049_QPP_N030_P140_A0_Q010,S001921,STATIONARY_QPP_PRESENT,30,0.0,140.0,0.01,10,0,0.0,false,4.845901457883883e-12,8.450913213664535e-08,0.16289158738076281,true,0.0005028827224080601,,0,10,3,0,0,1
C050_QPP_N030_P140_A0_Q020,S001961,STATIONARY_QPP_PRESENT,30,0.0,140.0,0.02,10,0,0.0,false,4.106937012693379e-12,8.4423474788764e-07,0.16687478326485916,true,0.0001882973772069363,,0,10,1,0,0,3
C051_QPP_N030_P140_A0_Q040,S002001,STATIONARY_QPP_PRESENT,30,0.0,140.0,0.04,10,0,0.0,false,1.8545165403338615e-11,0.05452515814153713,0.4168285797650384,true,92.10649953955168,,0,1,1,0,0,1
C052_QPP_N030_P140_A1_Q010,S002041,STATIONARY_QPP_PRESENT,30,1.0,140.0,0.01,10,0,0.0,false,1.1297629498585593e-11,2.566459045283409e-09,0.3878230508314857,true,5.2709303737685786e-05,,0,10,2,0,0,5
C053_QPP_N030_P140_A1_Q020,S002081,STATIONARY_QPP_PRESENT,30,1.0,140.0,0.02,10,0,0.0,false,1.9753088054130785e-12,1.2289262940612389e-09,0.5529619881042862,true,5.156831097963277e-05,,0,10,2,0,0,4
C054_QPP_N030_P140_A1_Q040,S002121,STATIONARY_QPP_PRESENT,30,1.0,140.0,0.04,10,0,0.0,false,8.597567102697212e-13,0.008119002537604558,1.0314680218213539,true,65.98868779757655,,0,6,2,0,0,5
C055_QPP_N030_P140_A2_Q010,S002161,STATIONARY_QPP_PRESENT,30,2.0,140.0,0.01,10,0,0.0,false,2.8705926524708048e-12,3.1727344662613177e-07,0.21440851696065266,true,0.000754919855715741,,0,2,0,0,0,3
C056_QPP_N030_P140_A2_Q020,S002201,STATIONARY_QPP_PRESENT,30,2.0,140.0,0.02,10,0,0.0,false,3.11928260998684e-12,0.020949674448672795,0.3017820970238887,true,190.9887304491374,,0,8,0,0,0,4
C057_QPP_N030_P140_A2_Q040,S002241,STATIONARY_QPP_PRESENT,30,2.0,140.0,0.04,10,0,0.0,false,3.495870259939693e-12,6.19551769887039e-08,0.8876153492780148,true,0.013717014651490445,,0,0,1,0,0,2
C058_QPP_N060_P050_A0_Q010,S002281,STATIONARY_QPP_PRESENT,60,0.0,50.0,0.01,10,0,0.0,false,9.094947017729282e-12,3.582144358915684e-08,0.20636336060894678,true,0.0004002470779056466,,0,0,2,0,0,7
C059_QPP_N060_P050_A0_Q020,S002321,STATIONARY_QPP_PRESENT,60,0.0,50.0,0.02,10,0,0.0,false,1.0970779840135947e-11,6.4218852457997855e-09,0.5840767533076985,true,5.158394618121065e-05,,0,10,1,0,0,9
C060_QPP_N060_P050_A0_Q040,S002361,STATIONARY_QPP_PRESENT,60,0.0,50.0,0.04,10,0,0.0,false,1.0402345651527867e-11,1.9599042389017995e-09,1.9969584301844066,true,9.28657638823438e-05,,0,10,10,0,0,10
C061_QPP_N060_P050_A1_Q010,S002401,STATIONARY_QPP_PRESENT,60,1.0,50.0,0.01,10,0,0.0,false,2.8535396268125623e-11,8.289191555377329e-10,0.001323216509319991,true,0.00010339826007310648,,0,10,2,0,0,8
C062_QPP_N060_P050_A1_Q020,S002441,STATIONARY_QPP_PRESENT,60,1.0,50.0,0.02,10,0,0.0,false,9.521272659185342e-12,2.8176145860925317e-09,6.263451660970532e-05,false,5.8529329898249216e-05,,0,10,0,0,0,5
C063_QPP_N060_P050_A1_Q040,S002481,STATIONARY_QPP_PRESENT,60,1.0,50.0,0.04,10,0,0.0,false,8.86757334228605e-12,1.9415438146097586e-09,1.0957456609652922,true,2.7781277758265333e-05,,0,10,10,0,0,10
C064_QPP_N060_P050_A2_Q010,S002521,STATIONARY_QPP_PRESENT,60,2.0,50.0,0.01,10,0,0.0,false,8.384404281969182e-12,3.681103066810465e-08,0.20712857498909898,true,4.938947393640092e-05,,0,10,9,0,0,8
C065_QPP_N060_P050_A2_Q020,S002561,STATIONARY_QPP_PRESENT,60,2.0,50.0,0.02,10,0,0.0,false,1.935518412210513e-11,3.016487539753143e-07,0.6904796075140212,true,0.00039359469721489404,,0,10,5,0,0,7
C066_QPP_N060_P050_A2_Q040,S002601,STATIONARY_QPP_PRESENT,60,2.0,50.0,0.04,10,0,0.0,false,2.5778490453376435e-11,1.3933203035776387e-08,0.9530555250866541,true,6.858261502173946e-05,,0,10,6,0,0,9
C067_QPP_N060_P080_A0_Q010,S002641,STATIONARY_QPP_PRESENT,60,0.0,80.0,0.01,10,0,0.0,false,5.7980287238024175e-12,0.04875479456609355,0.1475899898230466,true,9.06291963859325,,0,8,10,0,0,7
C068_QPP_N060_P080_A0_Q020,S002681,STATIONARY_QPP_PRESENT,60,0.0,80.0,0.02,10,0,0.0,false,3.893774191965349e-12,1.8372388806317872,0.97684008304293,true,38.79934709759762,,0,10,9,0,0,5
C069_QPP_N060_P080_A0_Q040,S002721,STATIONARY_QPP_PRESENT,60,0.0,80.0,0.04,10,0,0.0,false,2.6062707547680475e-11,6.133319629952894e-09,2.554737522646519,true,8.89899150280371e-05,,0,10,7,0,0,4
C070_QPP_N060_P080_A1_Q010,S002761,STATIONARY_QPP_PRESENT,60,1.0,80.0,0.01,10,0,0.0,false,3.780087354243733e-11,7.83970222073549e-09,0.0009302877417951549,false,0.000222305055359584,,0,10,0,0,0,2
C071_QPP_N060_P080_A1_Q020,S002801,STATIONARY_QPP_PRESENT,60,1.0,80.0,0.02,10,0,0.0,false,3.325055786262965e-10,4.759902481055178e-07,0.08152188151655082,true,0.0008115763891467509,,0,10,6,0,0,3
C072_QPP_N060_P080_A1_Q040,S002841,STATIONARY_QPP_PRESENT,60,1.0,80.0,0.04,10,0,0.0,false,5.5706550483591855e-12,1.6488843357365113e-07,0.6608657016456903,true,0.0006900279375514629,,10,10,0,0,0,3
C073_QPP_N060_P080_A2_Q010,S002881,STATIONARY_QPP_PRESENT,60,2.0,80.0,0.01,10,0,0.0,false,2.4783730623312294e-11,3.49161709323198e-06,0.12912988548578141,true,0.0004907981659698635,,0,10,4,0,0,3
C074_QPP_N060_P080_A2_Q020,S002921,STATIONARY_QPP_PRESENT,60,2.0,80.0,0.02,10,0,0.0,false,1.5091927707544528e-11,4.20902779296739e-09,0.09250937293711559,true,0.00010510520928619371,,0,10,9,0,0,5
C075_QPP_N060_P080_A2_Q040,S002961,STATIONARY_QPP_PRESENT,60,2.0,80.0,0.04,10,0,0.0,false,3.353761712787673e-11,7.132598511816468e-08,0.6691205342815749,true,0.0002568813007854942,,10,10,0,0,0,4
C076_QPP_N060_P140_A0_Q010,S003001,STATIONARY_QPP_PRESENT,60,0.0,140.0,0.01,10,0,0.0,false,1.2249756764504127e-11,2.0234267594787525e-08,0.6716502789691674,true,0.0005744451145801577,,0,10,2,0,0,5
C077_QPP_N060_P140_A0_Q020,S003041,STATIONARY_QPP_PRESENT,60,0.0,140.0,0.02,10,0,0.0,false,4.092726157978177e-12,3.3746346161933616e-08,1.3073407951218599,true,0.0008313567088009677,,0,10,1,0,0,5
C078_QPP_N060_P140_A0_Q040,S003081,STATIONARY_QPP_PRESENT,60,0.0,140.0,0.04,10,0,0.0,false,1.1027623258996755e-11,2.4927297204158094e-07,3.394930873394401,true,0.0033220826116746593,,0,0,10,0,0,7
C079_QPP_N060_P140_A1_Q010,S003121,STATIONARY_QPP_PRESENT,60,1.0,140.0,0.01,10,0,0.0,false,1.3358203432289883e-11,2.356415507165366e-09,3.1831161152240384e-05,false,0.0001057289822341545,,0,10,0,0,0,3
C080_QPP_N060_P140_A1_Q020,S003161,STATIONARY_QPP_PRESENT,60,1.0,140.0,0.02,10,0,0.0,false,2.1543655748246238e-11,1.6939338820520788e-09,0.0011707527911823945,true,0.00013942821873769162,,0,10,0,0,0,4
C081_QPP_N060_P140_A1_Q040,S003201,STATIONARY_QPP_PRESENT,60,1.0,140.0,0.04,10,0,0.0,false,1.693933882052079e-11,1.04751052276697e-09,0.008843938835042309,true,8.988732989934078e-05,,0,10,0,0,0,2
C082_QPP_N060_P140_A2_Q010,S003241,STATIONARY_QPP_PRESENT,60,2.0,140.0,0.01,10,0,0.0,false,1.4551915228366852e-11,8.676440472754621e-07,0.03125516608713497,true,0.0008257394815203156,,0,10,4,0,0,5
C083_QPP_N060_P140_A2_Q020,S003281,STATIONARY_QPP_PRESENT,60,2.0,140.0,0.02,10,0,0.0,false,7.150902092689648e-11,3.4732363474176964e-07,0.03889866483046944,true,0.003582846611209334,,0,0,0,0,0,5
C084_QPP_N060_P140_A2_Q040,S003321,STATIONARY_QPP_PRESENT,60,2.0,140.0,0.04,10,0,0.0,false,5.163940386410104e-10,1.7410570762876887e-08,0.5959172182269867,true,0.0004968735912029842,,0,0,1,0,0,1
C085_QPP_N120_P050_A0_Q010,S003361,STATIONARY_QPP_PRESENT,120,0.0,50.0,0.01,10,0,0.0,false,5.047695594839752e-11,1.2973373486602213e-08,1.0415346097666998,true,0.0,,0,10,1,0,0,8
C086_QPP_N120_P050_A0_Q020,S003401,STATIONARY_QPP_PRESENT,120,0.0,50.0,0.02,10,0,0.0,false,5.1386450650170445e-11,2.166416379623115e-09,2.1693313159801164,true,1.682757151399983e-05,,0,10,1,0,0,8
C087_QPP_N120_P050_A0_Q040,S003441,STATIONARY_QPP_PRESENT,120,0.0,50.0,0.04,10,10,0.0,false,3.228706191293895e-11,4.410253495734651e-09,3.1996313448507863,true,3.3718543683392e-05,3.3718543683392e-05,0,10,8,0,0,9
C088_QPP_N120_P050_A1_Q010,S003481,STATIONARY_QPP_PRESENT,120,1.0,50.0,0.01,10,0,0.0,false,2.2168933355715126e-11,6.938080332474783e-09,2.351520124921194,true,6.484912780280183e-05,,0,10,2,0,0,7
C089_QPP_N120_P050_A1_Q020,S003521,STATIONARY_QPP_PRESENT,120,1.0,50.0,0.02,10,10,0.0,false,2.773958840407431e-11,4.698449629358947e-09,4.542837131525971,true,2.6325784666880736e-05,2.6325784666880736e-05,0,10,9,0,0,8
C090_QPP_N120_P050_A1_Q040,S003561,STATIONARY_QPP_PRESENT,120,1.0,50.0,0.04,10,10,0.0,false,7.150902092689648e-11,3.5151970223523676e-10,3.7985371430121404,true,8.871259979059687e-06,8.871259979059687e-06,0,10,7,0,0,9
C091_QPP_N120_P050_A2_Q010,S003601,STATIONARY_QPP_PRESENT,120,2.0,50.0,0.01,10,0,0.0,false,5.0818016461562365e-11,4.414005161379464e-09,0.6769206104914929,true,6.284603581008241e-05,,0,10,2,0,0,9
C092_QPP_N120_P050_A2_Q020,S003641,STATIONARY_QPP_PRESENT,120,2.0,50.0,0.02,10,10,0.0,false,3.012701199622825e-11,3.6197889130562544e-10,3.014183446083848,true,1.1475184031439767e-05,1.1475184031439767e-05,0,10,3,0,0,9
C093_QPP_N120_P050_A2_Q040,S003681,STATIONARY_QPP_PRESENT,120,2.0,50.0,0.04,10,10,0.0,false,5.968558980384842e-11,7.488779374398291e-09,0.1611516035237628,true,2.5473931536623695e-05,2.5473931536623695e-05,0,10,4,0,0,10
C094_QPP_N120_P080_A0_Q010,S003721,STATIONARY_QPP_PRESENT,120,0.0,80.0,0.01,10,0,0.0,false,3.467448550509289e-11,2.0378365661599673e-09,0.3782474701922638,true,0.0,,0,10,4,0,0,8
C095_QPP_N120_P080_A0_Q020,S003761,STATIONARY_QPP_PRESENT,120,0.0,80.0,0.02,10,0,0.0,false,3.1604940886609256e-11,6.846088353995583e-07,0.0504736765957432,true,0.001649469885208532,,0,10,10,0,0,10
C096_QPP_N120_P080_A0_Q040,S003801,STATIONARY_QPP_PRESENT,120,0.0,80.0,0.04,10,10,0.0,false,6.093614501878619e-11,2.5180611373798456e-08,2.1905330523570683,true,0.00024039006447651445,0.00024039006447651445,0,10,7,0,0,8
C097_QPP_N120_P080_A1_Q010,S003841,STATIONARY_QPP_PRESENT,120,1.0,80.0,0.01,10,0,0.0,false,3.2741809263825417e-11,2.1826372176292352e-07,1.9730049684707183,true,0.00119573642663795,,0,10,10,0,0,9
C098_QPP_N120_P080_A1_Q020,S003881,STATIONARY_QPP_PRESENT,120,1.0,80.0,0.02,10,10,0.0,false,8.975575838121586e-10,5.79677816858748e-08,1.3309000109984481e-05,false,0.0002317748090661098,0.0002317748090661098,10,10,10,0,0,5
C099_QPP_N120_P080_A1_Q040,S003921,STATIONARY_QPP_PRESENT,120,1.0,80.0,0.04,10,10,0.0,false,5.229594535194337e-12,2.661943199200323e-08,0.0006875154728049893,false,6.144614835079665e-05,6.144614835079665e-05,10,10,8,0,0,7
C100_QPP_N120_P080_A2_Q010,S003961,STATIONARY_QPP_PRESENT,120,2.0,80.0,0.01,10,0,0.0,false,1.2801137927453965e-10,2.2628455553785898e-08,2.7269453618810076,true,2.7471611574014787e-05,,0,10,7,0,0,6
C101_QPP_N120_P080_A2_Q020,S004001,STATIONARY_QPP_PRESENT,120,2.0,80.0,0.02,10,10,0.0,false,5.752553988713771e-11,6.089260295993881e-08,1.1924614113922871e-05,false,6.840771628446873e-05,6.840771628446873e-05,10,10,10,0,0,3
C102_QPP_N120_P080_A2_Q040,S004041,STATIONARY_QPP_PRESENT,120,2.0,80.0,0.04,10,10,0.0,false,2.2737367544323206e-12,2.146703081962187e-08,6.891451675983262e-07,false,8.360887230196568e-05,8.360887230196568e-05,10,10,10,0,0,7
C103_QPP_N120_P140_A0_Q010,S004081,STATIONARY_QPP_PRESENT,120,0.0,140.0,0.01,10,0,0.0,false,1.6711965145077556e-11,5.7138095144182444e-08,1.0387879214433724,true,0.0020321214328262727,,0,0,1,0,0,9
C104_QPP_N120_P140_A0_Q020,S004121,STATIONARY_QPP_PRESENT,120,0.0,140.0,0.02,10,0,0.0,false,5.718447937397286e-11,5.021206561650615e-09,1.532996648488961,true,0.000713084419167842,,0,0,10,0,0,8
C105_QPP_N120_P140_A0_Q040,S004161,STATIONARY_QPP_PRESENT,120,0.0,140.0,0.04,10,0,0.0,false,1.318767317570746e-11,1.6931267055042554e-08,0.14134234401694812,true,0.0007285790895537048,,0,0,9,0,0,8
C106_QPP_N120_P140_A1_Q010,S004201,STATIONARY_QPP_PRESENT,120,1.0,140.0,0.01,10,0,0.0,false,3.888089850079268e-11,4.563844413496554e-09,1.8573399391177645,true,0.00024631977609601563,,0,10,1,0,0,9
C107_QPP_N120_P140_A1_Q020,S004241,STATIONARY_QPP_PRESENT,120,1.0,140.0,0.02,10,0,0.0,false,2.8535396268125623e-11,1.0807184480654541e-08,4.88497926198761e-06,false,0.00030871391777509416,,0,10,0,0,0,8
C108_QPP_N120_P140_A1_Q040,S004281,STATIONARY_QPP_PRESENT,120,1.0,140.0,0.04,10,0,0.0,false,1.853015874075936e-08,5.370566213969141e-09,3.446039704613213e-05,false,0.0001482251341826668,,9,10,0,0,0,6
C109_QPP_N120_P140_A2_Q010,S004321,STATIONARY_QPP_PRESENT,120,2.0,140.0,0.01,10,0,0.0,false,4.285993782104924e-11,5.755753136327257e-07,0.0034886829561173727,true,0.006260510729120483,,0,9,10,0,0,10
C110_QPP_N120_P140_A2_Q020,S004361,STATIONARY_QPP_PRESENT,120,2.0,140.0,0.02,10,0,0.0,false,8.071765478234738e-11,7.021071724011563e-09,3.7654683637811104e-07,false,0.0003041444981022323,,0,10,0,0,0,10
C111_QPP_N120_P140_A2_Q040,S004401,STATIONARY_QPP_PRESENT,120,2.0,140.0,0.04,10,0,0.0,false,8.094502845779061e-11,2.2142785383039154e-09,0.00014835282343028666,false,0.00011252955926011055,,10,10,0,0,0,5
