contrast_type,left_condition_id,right_condition_id,n_samples,red_noise_alpha,left_period_s,right_period_s,left_qpp_fraction,right_qpp_fraction,n_pairs,left_selection_rate,right_selection_rate,paired_selection_difference,n_left0_right0,n_left0_right1,n_left1_right0,n_left1_right1,median_paired_change_delta_bic_min
qpp_vs_null,C001_NULL_N015_A0,C013_QPP_N015_P050_A0_Q010,15,0.0,,50.0,,0.01,40,0.0,0.0,0.0,40,0,0,0,0.007887148542322642
qpp_vs_null,C001_NULL_N015_A0,C014_QPP_N015_P050_A0_Q020,15,0.0,,50.0,,0.02,40,0.0,0.0,0.0,40,0,0,0,0.03222905002767362
qpp_vs_null,C001_NULL_N015_A0,C015_QPP_N015_P050_A0_Q040,15,0.0,,50.0,,0.04,40,0.0,0.0,0.0,40,0,0,0,0.2176518442645481
qpp_vs_null,C002_NULL_N015_A1,C016_QPP_N015_P050_A1_Q010,15,1.0,,50.0,,0.01,40,0.0,0.0,0.0,40,0,0,0,0.019676468977118056
qpp_vs_null,C002_NULL_N015_A1,C017_QPP_N015_P050_A1_Q020,15,1.0,,50.0,,0.02,40,0.0,0.0,0.0,40,0,0,0,0.04383317511441209
qpp_vs_null,C002_NULL_N015_A1,C018_QPP_N015_P050_A1_Q040,15,1.0,,50.0,,0.04,40,0.0,0.0,0.0,40,0,0,0,0.2548174871904969
qpp_vs_null,C003_NULL_N015_A2,C019_QPP_N015_P050_A2_Q010,15,2.0,,50.0,,0.01,40,0.0,0.0,0.0,40,0,0,0,0.00031902241847703294
qpp_vs_null,C003_NULL_N015_A2,C020_QPP_N015_P050_A2_Q020,15,2.0,,50.0,,0.02,40,0.0,0.0,0.0,40,0,0,0,0.003986193181646058
qpp_vs_null,C003_NULL_N015_A2,C021_QPP_N015_P050_A2_Q040,15,2.0,,50.0,,0.04,40,0.0,0.0,0.0,40,0,0,0,0.17500471852356814
qpp_vs_null,C001_NULL_N015_A0,C022_QPP_N015_P080_A0_Q010,15,0.0,,80.0,,0.01,40,0.0,0.0,0.0,40,0,0,0,0.021612586289801783
qpp_vs_null,C001_NULL_N015_A0,C023_QPP_N015_P080_A0_Q020,15,0.0,,80.0,,0.02,40,0.0,0.0,0.0,40,0,0,0,0.055276372810037167
qpp_vs_null,C001_NULL_N015_A0,C024_QPP_N015_P080_A0_Q040,15,0.0,,80.0,,0.04,40,0.0,0.0,0.0,40,0,0,0,0.161727964204597
qpp_vs_null,C002_NULL_N015_A1,C025_QPP_N015_P080_A1_Q010,15,1.0,,80.0,,0.01,40,0.0,0.0,0.0,40,0,0,0,0.004327581718293061
qpp_vs_null,C002_NULL_N015_A1,C026_QPP_N015_P080_A1_Q020,15,1.0,,80.0,,0.02,40,0.0,0.0,0.0,40,0,0,0,0.021117100634219454
qpp_vs_null,C002_NULL_N015_A1,C027_QPP_N015_P080_A1_Q040,15,1.0,,80.0,,0.04,40,0.0,0.0,0.0,40,0,0,0,0.08245994911858112
qpp_vs_null,C003_NULL_N015_A2,C028_QPP_N015_P080_A2_Q010,15,2.0,,80.0,,0.01,40,0.0,0.0,0.0,40,0,0,0,0.02412216603439088
qpp_vs_null,C003_NULL_N015_A2,C029_QPP_N015_P080_A2_Q020,15,2.0,,80.0,,0.02,40,0.0,0.0,0.0,40,0,0,0,0.05540865239651627
qpp_vs_null,C003_NULL_N015_A2,C030_QPP_N015_P080_A2_Q040,15,2.0,,80.0,,0.04,40,0.0,0.0,0.0,40,0,0,0,0.15167814803437363
qpp_vs_null,C004_NULL_N030_A0,C031_QPP_N030_P050_A0_Q010,30,0.0,,50.0,,0.01,40,0.0,0.0,0.0,40,0,0,0,0.055612403455231885
qpp_vs_null,C004_NULL_N030_A0,C032_QPP_N030_P050_A0_Q020,30,0.0,,50.0,,0.02,40,0.0,0.0,0.0,40,0,0,0,0.4966470399766436
qpp_vs_null,C004_NULL_N030_A0,C033_QPP_N030_P050_A0_Q040,30,0.0,,50.0,,0.04,40,0.0,0.0,0.0,40,0,0,0,1.2237675424248913
qpp_vs_null,C005_NULL_N030_A1,C034_QPP_N030_P050_A1_Q010,30,1.0,,50.0,,0.01,40,0.0,0.0,0.0,40,0,0,0,0.12090624926375781
qpp_vs_null,C005_NULL_N030_A1,C035_QPP_N030_P050_A1_Q020,30,1.0,,50.0,,0.02,40,0.0,0.0,0.0,40,0,0,0,0.6569847778581774
qpp_vs_null,C005_NULL_N030_A1,C036_QPP_N030_P050_A1_Q040,30,1.0,,50.0,,0.04,40,0.0,0.0,0.0,40,0,0,0,2.3469253383020643
qpp_vs_null,C006_NULL_N030_A2,C037_QPP_N030_P050_A2_Q010,30,2.0,,50.0,,0.01,40,0.0,0.0,0.0,40,0,0,0,0.027814988636066573
qpp_vs_null,C006_NULL_N030_A2,C038_QPP_N030_P050_A2_Q020,30,2.0,,50.0,,0.02,40,0.0,0.0,0.0,40,0,0,0,0.6466448486706824
qpp_vs_null,C006_NULL_N030_A2,C039_QPP_N030_P050_A2_Q040,30,2.0,,50.0,,0.04,40,0.0,0.0,0.0,40,0,0,0,2.396275139176531
qpp_vs_null,C004_NULL_N030_A0,C040_QPP_N030_P080_A0_Q010,30,0.0,,80.0,,0.01,40,0.0,0.0,0.0,40,0,0,0,0.02174231526016257
qpp_vs_null,C004_NULL_N030_A0,C041_QPP_N030_P080_A0_Q020,30,0.0,,80.0,,0.02,40,0.0,0.0,0.0,40,0,0,0,0.051256385420142436
qpp_vs_null,C004_NULL_N030_A0,C042_QPP_N030_P080_A0_Q040,30,0.0,,80.0,,0.04,40,0.0,0.0,0.0,40,0,0,0,0.44446676316277944
qpp_vs_null,C005_NULL_N030_A1,C043_QPP_N030_P080_A1_Q010,30,1.0,,80.0,,0.01,40,0.0,0.0,0.0,40,0,0,0,-0.004803712210389222
qpp_vs_null,C005_NULL_N030_A1,C044_QPP_N030_P080_A1_Q020,30,1.0,,80.0,,0.02,40,0.0,0.0,0.0,40,0,0,0,0.08581762526023695
qpp_vs_null,C005_NULL_N030_A1,C045_QPP_N030_P080_A1_Q040,30,1.0,,80.0,,0.04,40,0.0,0.0,0.0,40,0,0,0,0.6593463347594337
qpp_vs_null,C006_NULL_N030_A2,C046_QPP_N030_P080_A2_Q010,30,2.0,,80.0,,0.01,40,0.0,0.0,0.0,40,0,0,0,0.0004805315613367611
qpp_vs_null,C006_NULL_N030_A2,C047_QPP_N030_P080_A2_Q020,30,2.0,,80.0,,0.02,40,0.0,0.0,0.0,40,0,0,0,0.05229225040980623
qpp_vs_null,C006_NULL_N030_A2,C048_QPP_N030_P080_A2_Q040,30,2.0,,80.0,,0.04,40,0.0,0.0,0.0,40,0,0,0,0.8417972186057234
qpp_vs_null,C004_NULL_N030_A0,C049_QPP_N030_P140_A0_Q010,30,0.0,,140.0,,0.01,40,0.0,0.0,0.0,40,0,0,0,0.013774888175174027
qpp_vs_null,C004_NULL_N030_A0,C050_QPP_N030_P140_A0_Q020,30,0.0,,140.0,,0.02,40,0.0,0.0,0.0,40,0,0,0,0.03196874044804332
qpp_vs_null,C004_NULL_N030_A0,C051_QPP_N030_P140_A0_Q040,30,0.0,,140.0,,0.04,40,0.0,0.0,0.0,40,0,0,0,0.10839008885734813
qpp_vs_null,C005_NULL_N030_A1,C052_QPP_N030_P140_A1_Q010,30,1.0,,140.0,,0.01,40,0.0,0.0,0.0,40,0,0,0,-0.0034278571142678516
qpp_vs_null,C005_NULL_N030_A1,C053_QPP_N030_P140_A1_Q020,30,1.0,,140.0,,0.02,40,0.0,0.0,0.0,40,0,0,0,-0.00081692812564782
qpp_vs_null,C005_NULL_N030_A1,C054_QPP_N030_P140_A1_Q040,30,1.0,,140.0,,0.04,40,0.0,0.0,0.0,40,0,0,0,0.15650118497054066
qpp_vs_null,C006_NULL_N030_A2,C055_QPP_N030_P140_A2_Q010,30,2.0,,140.0,,0.01,40,0.0,0.0,0.0,40,0,0,0,-0.0007433759378834282
qpp_vs_null,C006_NULL_N030_A2,C056_QPP_N030_P140_A2_Q020,30,2.0,,140.0,,0.02,40,0.0,0.0,0.0,40,0,0,0,0.010391358816463026
qpp_vs_null,C006_NULL_N030_A2,C057_QPP_N030_P140_A2_Q040,30,2.0,,140.0,,0.04,40,0.0,0.0,0.0,40,0,0,0,0.1262026191251593
qpp_vs_null,C007_NULL_N060_A0,C058_QPP_N060_P050_A0_Q010,60,0.0,,50.0,,0.01,40,0.0,0.0,0.0,40,0,0,0,0.239601462512681
qpp_vs_null,C007_NULL_N060_A0,C059_QPP_N060_P050_A0_Q020,60,0.0,,50.0,,0.02,40,0.0,0.0,0.0,40,0,0,0,2.1817335000654907
qpp_vs_null,C007_NULL_N060_A0,C060_QPP_N060_P050_A0_Q040,60,0.0,,50.0,,0.04,40,0.0,0.05,0.05,38,2,0,0,11.665036040121436
qpp_vs_null,C008_NULL_N060_A1,C061_QPP_N060_P050_A1_Q010,60,1.0,,50.0,,0.01,40,0.0,0.0,0.0,40,0,0,0,0.6942194930897188
qpp_vs_null,C008_NULL_N060_A1,C062_QPP_N060_P050_A1_Q020,60,1.0,,50.0,,0.02,40,0.0,0.0,0.0,40,0,0,0,4.23861147330426
qpp_vs_null,C008_NULL_N060_A1,C063_QPP_N060_P050_A1_Q040,60,1.0,,50.0,,0.04,40,0.0,0.175,0.175,33,7,0,0,15.824825120534868
qpp_vs_null,C009_NULL_N060_A2,C064_QPP_N060_P050_A2_Q010,60,2.0,,50.0,,0.01,40,0.0,0.0,0.0,40,0,0,0,1.7745509594942064
qpp_vs_null,C009_NULL_N060_A2,C065_QPP_N060_P050_A2_Q020,60,2.0,,50.0,,0.02,40,0.0,0.0,0.0,40,0,0,0,7.114392094018143
qpp_vs_null,C009_NULL_N060_A2,C066_QPP_N060_P050_A2_Q040,60,2.0,,50.0,,0.04,40,0.0,0.5,0.5,20,20,0,0,19.774147992568246
qpp_vs_null,C007_NULL_N060_A0,C067_QPP_N060_P080_A0_Q010,60,0.0,,80.0,,0.01,40,0.0,0.0,0.0,40,0,0,0,0.14960150304403896
qpp_vs_null,C007_NULL_N060_A0,C068_QPP_N060_P080_A0_Q020,60,0.0,,80.0,,0.02,40,0.0,0.0,0.0,40,0,0,0,0.7685163351145263
qpp_vs_null,C007_NULL_N060_A0,C069_QPP_N060_P080_A0_Q040,60,0.0,,80.0,,0.04,40,0.0,0.0,0.0,40,0,0,0,6.338545029204212
qpp_vs_null,C008_NULL_N060_A1,C070_QPP_N060_P080_A1_Q010,60,1.0,,80.0,,0.01,40,0.0,0.0,0.0,40,0,0,0,0.08272342064657323
qpp_vs_null,C008_NULL_N060_A1,C071_QPP_N060_P080_A1_Q020,60,1.0,,80.0,,0.02,40,0.0,0.0,0.0,40,0,0,0,1.2243169673282637
qpp_vs_null,C008_NULL_N060_A1,C072_QPP_N060_P080_A1_Q040,60,1.0,,80.0,,0.04,40,0.0,0.0,0.0,40,0,0,0,8.636658792515703
qpp_vs_null,C009_NULL_N060_A2,C073_QPP_N060_P080_A2_Q010,60,2.0,,80.0,,0.01,40,0.0,0.0,0.0,40,0,0,0,0.5722783298811009
qpp_vs_null,C009_NULL_N060_A2,C074_QPP_N060_P080_A2_Q020,60,2.0,,80.0,,0.02,40,0.0,0.0,0.0,40,0,0,0,2.998197558811981
qpp_vs_null,C009_NULL_N060_A2,C075_QPP_N060_P080_A2_Q040,60,2.0,,80.0,,0.04,40,0.0,0.0,0.0,40,0,0,0,12.074995276186527
qpp_vs_null,C007_NULL_N060_A0,C076_QPP_N060_P140_A0_Q010,60,0.0,,140.0,,0.01,40,0.0,0.0,0.0,40,0,0,0,0.006561327469242428
qpp_vs_null,C007_NULL_N060_A0,C077_QPP_N060_P140_A0_Q020,60,0.0,,140.0,,0.02,40,0.0,0.0,0.0,40,0,0,0,0.08663152013046727
qpp_vs_null,C007_NULL_N060_A0,C078_QPP_N060_P140_A0_Q040,60,0.0,,140.0,,0.04,40,0.0,0.0,0.0,40,0,0,0,0.7060496287613773
qpp_vs_null,C008_NULL_N060_A1,C079_QPP_N060_P140_A1_Q010,60,1.0,,140.0,,0.01,40,0.0,0.0,0.0,40,0,0,0,0.012762931767426267
qpp_vs_null,C008_NULL_N060_A1,C080_QPP_N060_P140_A1_Q020,60,1.0,,140.0,,0.02,40,0.0,0.0,0.0,40,0,0,0,0.11225715907400513
qpp_vs_null,C008_NULL_N060_A1,C081_QPP_N060_P140_A1_Q040,60,1.0,,140.0,,0.04,40,0.0,0.0,0.0,40,0,0,0,0.8748481371217594
qpp_vs_null,C009_NULL_N060_A2,C082_QPP_N060_P140_A2_Q010,60,2.0,,140.0,,0.01,40,0.0,0.0,0.0,40,0,0,0,0.09868069738298857
qpp_vs_null,C009_NULL_N060_A2,C083_QPP_N060_P140_A2_Q020,60,2.0,,140.0,,0.02,40,0.0,0.0,0.0,40,0,0,0,0.6589753852256592
qpp_vs_null,C009_NULL_N060_A2,C084_QPP_N060_P140_A2_Q040,60,2.0,,140.0,,0.04,40,0.0,0.0,0.0,40,0,0,0,2.8823705177667307
qpp_vs_null,C010_NULL_N120_A0,C085_QPP_N120_P050_A0_Q010,120,0.0,,50.0,,0.01,40,0.0,0.025,0.025,39,1,0,0,0.028724385586144763
qpp_vs_null,C010_NULL_N120_A0,C086_QPP_N120_P050_A0_Q020,120,0.0,,50.0,,0.02,40,0.0,0.1,0.1,36,4,0,0,9.937579354460183
qpp_vs_null,C010_NULL_N120_A0,C087_QPP_N120_P050_A0_Q040,120,0.0,,50.0,,0.04,40,0.0,1.0,1.0,0,40,0,0,45.4604842464164
qpp_vs_null,C011_NULL_N120_A1,C088_QPP_N120_P050_A1_Q010,120,1.0,,50.0,,0.01,40,0.0,0.025,0.025,39,1,0,0,8.290951520922704
qpp_vs_null,C011_NULL_N120_A1,C089_QPP_N120_P050_A1_Q020,120,1.0,,50.0,,0.02,40,0.0,0.9,0.9,4,36,0,0,33.592871093351334
qpp_vs_null,C011_NULL_N120_A1,C090_QPP_N120_P050_A1_Q040,120,1.0,,50.0,,0.04,40,0.0,1.0,1.0,0,40,0,0,79.6784149760889
qpp_vs_null,C012_NULL_N120_A2,C091_QPP_N120_P050_A2_Q010,120,2.0,,50.0,,0.01,40,0.0,0.5,0.5,20,20,0,0,22.029660115409968
qpp_vs_null,C012_NULL_N120_A2,C092_QPP_N120_P050_A2_Q020,120,2.0,,50.0,,0.02,40,0.0,1.0,1.0,0,40,0,0,58.0817429627524
qpp_vs_null,C012_NULL_N120_A2,C093_QPP_N120_P050_A2_Q040,120,2.0,,50.0,,0.04,40,0.0,1.0,1.0,0,40,0,0,112.58382730231256
qpp_vs_null,C010_NULL_N120_A0,C094_QPP_N120_P080_A0_Q010,120,0.0,,80.0,,0.01,40,0.0,0.0,0.0,40,0,0,0,-0.11917471140753833
qpp_vs_null,C010_NULL_N120_A0,C095_QPP_N120_P080_A0_Q020,120,0.0,,80.0,,0.02,40,0.0,0.1,0.1,36,4,0,0,8.361157197677585
qpp_vs_null,C010_NULL_N120_A0,C096_QPP_N120_P080_A0_Q040,120,0.0,,80.0,,0.04,40,0.0,1.0,1.0,0,40,0,0,43.47183577878201
qpp_vs_null,C011_NULL_N120_A1,C097_QPP_N120_P080_A1_Q010,120,1.0,,80.0,,0.01,40,0.0,0.0,0.0,40,0,0,0,1.9156934007368704
qpp_vs_null,C011_NULL_N120_A1,C098_QPP_N120_P080_A1_Q020,120,1.0,,80.0,,0.02,40,0.0,0.575,0.575,17,23,0,0,21.02068031809813
qpp_vs_null,C011_NULL_N120_A1,C099_QPP_N120_P080_A1_Q040,120,1.0,,80.0,,0.04,40,0.0,1.0,1.0,0,40,0,0,56.00293233365505
qpp_vs_null,C012_NULL_N120_A2,C100_QPP_N120_P080_A2_Q010,120,2.0,,80.0,,0.01,40,0.0,0.0,0.0,40,0,0,0,9.591317636151587
qpp_vs_null,C012_NULL_N120_A2,C101_QPP_N120_P080_A2_Q020,120,2.0,,80.0,,0.02,40,0.0,1.0,1.0,0,40,0,0,32.97985000764089
qpp_vs_null,C012_NULL_N120_A2,C102_QPP_N120_P080_A2_Q040,120,2.0,,80.0,,0.04,40,0.0,1.0,1.0,0,40,0,0,69.01676976296136
qpp_vs_null,C010_NULL_N120_A0,C103_QPP_N120_P140_A0_Q010,120,0.0,,140.0,,0.01,40,0.0,0.0,0.0,40,0,0,0,0.06659812293298728
qpp_vs_null,C010_NULL_N120_A0,C104_QPP_N120_P140_A0_Q020,120,0.0,,140.0,,0.02,40,0.0,0.0,0.0,40,0,0,0,1.659554637545682
qpp_vs_null,C010_NULL_N120_A0,C105_QPP_N120_P140_A0_Q040,120,0.0,,140.0,,0.04,40,0.0,0.175,0.175,33,7,0,0,14.04420676787987
qpp_vs_null,C011_NULL_N120_A1,C106_QPP_N120_P140_A1_Q010,120,1.0,,140.0,,0.01,40,0.0,0.0,0.0,40,0,0,0,0.11982235768255123
qpp_vs_null,C011_NULL_N120_A1,C107_QPP_N120_P140_A1_Q020,120,1.0,,140.0,,0.02,40,0.0,0.0,0.0,40,0,0,0,3.42856648778195
qpp_vs_null,C011_NULL_N120_A1,C108_QPP_N120_P140_A1_Q040,120,1.0,,140.0,,0.04,40,0.0,0.4,0.4,24,16,0,0,19.27360481378588
qpp_vs_null,C012_NULL_N120_A2,C109_QPP_N120_P140_A2_Q010,120,2.0,,140.0,,0.01,40,0.0,0.0,0.0,40,0,0,0,1.3236589340173168
qpp_vs_null,C012_NULL_N120_A2,C110_QPP_N120_P140_A2_Q020,120,2.0,,140.0,,0.02,40,0.0,0.0,0.0,40,0,0,0,7.97627848805439
qpp_vs_null,C012_NULL_N120_A2,C111_QPP_N120_P140_A2_Q040,120,2.0,,140.0,,0.04,40,0.0,0.675,0.675,13,27,0,0,22.41927252459834
amplitude,C013_QPP_N015_P050_A0_Q010,C014_QPP_N015_P050_A0_Q020,15,0.0,50.0,50.0,0.01,0.02,40,0.0,0.0,0.0,40,0,0,0,0.025625914107614278
amplitude,C014_QPP_N015_P050_A0_Q020,C015_QPP_N015_P050_A0_Q040,15,0.0,50.0,50.0,0.02,0.04,40,0.0,0.0,0.0,40,0,0,0,0.14663300900841492
amplitude,C013_QPP_N015_P050_A0_Q010,C015_QPP_N015_P050_A0_Q040,15,0.0,50.0,50.0,0.01,0.04,40,0.0,0.0,0.0,40,0,0,0,0.1997914493981261
amplitude,C016_QPP_N015_P050_A1_Q010,C017_QPP_N015_P050_A1_Q020,15,1.0,50.0,50.0,0.01,0.02,40,0.0,0.0,0.0,40,0,0,0,0.025917759266276263
amplitude,C017_QPP_N015_P050_A1_Q020,C018_QPP_N015_P050_A1_Q040,15,1.0,50.0,50.0,0.02,0.04,40,0.0,0.0,0.0,40,0,0,0,0.18098032059968716
amplitude,C016_QPP_N015_P050_A1_Q010,C018_QPP_N015_P050_A1_Q040,15,1.0,50.0,50.0,0.01,0.04,40,0.0,0.0,0.0,40,0,0,0,0.22661983905276273
amplitude,C019_QPP_N015_P050_A2_Q010,C020_QPP_N015_P050_A2_Q020,15,2.0,50.0,50.0,0.01,0.02,40,0.0,0.0,0.0,40,0,0,0,0.0034942407009408427
amplitude,C020_QPP_N015_P050_A2_Q020,C021_QPP_N015_P050_A2_Q040,15,2.0,50.0,50.0,0.02,0.04,40,0.0,0.0,0.0,40,0,0,0,0.14561589929275076
amplitude,C019_QPP_N015_P050_A2_Q010,C021_QPP_N015_P050_A2_Q040,15,2.0,50.0,50.0,0.01,0.04,40,0.0,0.0,0.0,40,0,0,0,0.17934161720417485
amplitude,C022_QPP_N015_P080_A0_Q010,C023_QPP_N015_P080_A0_Q020,15,0.0,80.0,80.0,0.01,0.02,40,0.0,0.0,0.0,40,0,0,0,0.03585260107557886
amplitude,C023_QPP_N015_P080_A0_Q020,C024_QPP_N015_P080_A0_Q040,15,0.0,80.0,80.0,0.02,0.04,40,0.0,0.0,0.0,40,0,0,0,0.09267142551918539
amplitude,C022_QPP_N015_P080_A0_Q010,C024_QPP_N015_P080_A0_Q040,15,0.0,80.0,80.0,0.01,0.04,40,0.0,0.0,0.0,40,0,0,0,0.130411944745366
amplitude,C025_QPP_N015_P080_A1_Q010,C026_QPP_N015_P080_A1_Q020,15,1.0,80.0,80.0,0.01,0.02,40,0.0,0.0,0.0,40,0,0,0,0.0178173935913728
amplitude,C026_QPP_N015_P080_A1_Q020,C027_QPP_N015_P080_A1_Q040,15,1.0,80.0,80.0,0.02,0.04,40,0.0,0.0,0.0,40,0,0,0,0.06105990618754298
amplitude,C025_QPP_N015_P080_A1_Q010,C027_QPP_N015_P080_A1_Q040,15,1.0,80.0,80.0,0.01,0.04,40,0.0,0.0,0.0,40,0,0,0,0.0717894601882465
amplitude,C028_QPP_N015_P080_A2_Q010,C029_QPP_N015_P080_A2_Q020,15,2.0,80.0,80.0,0.01,0.02,40,0.0,0.0,0.0,40,0,0,0,0.03128648636212539
amplitude,C029_QPP_N015_P080_A2_Q020,C030_QPP_N015_P080_A2_Q040,15,2.0,80.0,80.0,0.02,0.04,40,0.0,0.0,0.0,40,0,0,0,0.0927876934849241
amplitude,C028_QPP_N015_P080_A2_Q010,C030_QPP_N015_P080_A2_Q040,15,2.0,80.0,80.0,0.01,0.04,40,0.0,0.0,0.0,40,0,0,0,0.126194898523047
amplitude,C031_QPP_N030_P050_A0_Q010,C032_QPP_N030_P050_A0_Q020,30,0.0,50.0,50.0,0.01,0.02,40,0.0,0.0,0.0,40,0,0,0,0.37227080195660633
amplitude,C032_QPP_N030_P050_A0_Q020,C033_QPP_N030_P050_A0_Q040,30,0.0,50.0,50.0,0.02,0.04,40,0.0,0.0,0.0,40,0,0,0,1.1469916383358623
amplitude,C031_QPP_N030_P050_A0_Q010,C033_QPP_N030_P050_A0_Q040,30,0.0,50.0,50.0,0.01,0.04,40,0.0,0.0,0.0,40,0,0,0,1.3222598472129974
amplitude,C034_QPP_N030_P050_A1_Q010,C035_QPP_N030_P050_A1_Q020,30,1.0,50.0,50.0,0.01,0.02,40,0.0,0.0,0.0,40,0,0,0,0.5485873673327362
amplitude,C035_QPP_N030_P050_A1_Q020,C036_QPP_N030_P050_A1_Q040,30,1.0,50.0,50.0,0.02,0.04,40,0.0,0.0,0.0,40,0,0,0,1.5743062203591833
amplitude,C034_QPP_N030_P050_A1_Q010,C036_QPP_N030_P050_A1_Q040,30,1.0,50.0,50.0,0.01,0.04,40,0.0,0.0,0.0,40,0,0,0,2.1626173931924875
amplitude,C037_QPP_N030_P050_A2_Q010,C038_QPP_N030_P050_A2_Q020,30,2.0,50.0,50.0,0.01,0.02,40,0.0,0.0,0.0,40,0,0,0,0.5856418815803082
amplitude,C038_QPP_N030_P050_A2_Q020,C039_QPP_N030_P050_A2_Q040,30,2.0,50.0,50.0,0.02,0.04,40,0.0,0.0,0.0,40,0,0,0,1.6871830346654875
amplitude,C037_QPP_N030_P050_A2_Q010,C039_QPP_N030_P050_A2_Q040,30,2.0,50.0,50.0,0.01,0.04,40,0.0,0.0,0.0,40,0,0,0,2.2567886409743174
amplitude,C040_QPP_N030_P080_A0_Q010,C041_QPP_N030_P080_A0_Q020,30,0.0,80.0,80.0,0.01,0.02,40,0.0,0.0,0.0,40,0,0,0,0.02368126033995921
amplitude,C041_QPP_N030_P080_A0_Q020,C042_QPP_N030_P080_A0_Q040,30,0.0,80.0,80.0,0.02,0.04,40,0.0,0.0,0.0,40,0,0,0,0.4145337599363472
amplitude,C040_QPP_N030_P080_A0_Q010,C042_QPP_N030_P080_A0_Q040,30,0.0,80.0,80.0,0.01,0.04,40,0.0,0.0,0.0,40,0,0,0,0.4141505173985216
amplitude,C043_QPP_N030_P080_A1_Q010,C044_QPP_N030_P080_A1_Q020,30,1.0,80.0,80.0,0.01,0.02,40,0.0,0.0,0.0,40,0,0,0,0.06926533718117511
amplitude,C044_QPP_N030_P080_A1_Q020,C045_QPP_N030_P080_A1_Q040,30,1.0,80.0,80.0,0.02,0.04,40,0.0,0.0,0.0,40,0,0,0,0.5871496248580463
amplitude,C043_QPP_N030_P080_A1_Q010,C045_QPP_N030_P080_A1_Q040,30,1.0,80.0,80.0,0.01,0.04,40,0.0,0.0,0.0,40,0,0,0,0.6550035219590669
amplitude,C046_QPP_N030_P080_A2_Q010,C047_QPP_N030_P080_A2_Q020,30,2.0,80.0,80.0,0.01,0.02,40,0.0,0.0,0.0,40,0,0,0,0.07478782365955183
amplitude,C047_QPP_N030_P080_A2_Q020,C048_QPP_N030_P080_A2_Q040,30,2.0,80.0,80.0,0.02,0.04,40,0.0,0.0,0.0,40,0,0,0,0.7735822344895418
amplitude,C046_QPP_N030_P080_A2_Q010,C048_QPP_N030_P080_A2_Q040,30,2.0,80.0,80.0,0.01,0.04,40,0.0,0.0,0.0,40,0,0,0,0.8661071682641079
amplitude,C049_QPP_N030_P140_A0_Q010,C050_QPP_N030_P140_A0_Q020,30,0.0,140.0,140.0,0.01,0.02,40,0.0,0.0,0.0,40,0,0,0,0.011003225717349352
amplitude,C050_QPP_N030_P140_A0_Q020,C051_QPP_N030_P140_A0_Q040,30,0.0,140.0,140.0,0.02,0.04,40,0.0,0.0,0.0,40,0,0,0,0.05665381694674565
amplitude,C049_QPP_N030_P140_A0_Q010,C051_QPP_N030_P140_A0_Q040,30,0.0,140.0,140.0,0.01,0.04,40,0.0,0.0,0.0,40,0,0,0,0.08510880476469751
amplitude,C052_QPP_N030_P140_A1_Q010,C053_QPP_N030_P140_A1_Q020,30,1.0,140.0,140.0,0.01,0.02,40,0.0,0.0,0.0,40,0,0,0,0.0007645857234699349
amplitude,C053_QPP_N030_P140_A1_Q020,C054_QPP_N030_P140_A1_Q040,30,1.0,140.0,140.0,0.02,0.04,40,0.0,0.0,0.0,40,0,0,0,0.13546875265363312
amplitude,C052_QPP_N030_P140_A1_Q010,C054_QPP_N030_P140_A1_Q040,30,1.0,140.0,140.0,0.01,0.04,40,0.0,0.0,0.0,40,0,0,0,0.16126317871973583
amplitude,C055_QPP_N030_P140_A2_Q010,C056_QPP_N030_P140_A2_Q020,30,2.0,140.0,140.0,0.01,0.02,40,0.0,0.0,0.0,40,0,0,0,0.003885843394058952
amplitude,C056_QPP_N030_P140_A2_Q020,C057_QPP_N030_P140_A2_Q040,30,2.0,140.0,140.0,0.02,0.04,40,0.0,0.0,0.0,40,0,0,0,0.09072171717119559
amplitude,C055_QPP_N030_P140_A2_Q010,C057_QPP_N030_P140_A2_Q040,30,2.0,140.0,140.0,0.01,0.04,40,0.0,0.0,0.0,40,0,0,0,0.11814711391253141
amplitude,C058_QPP_N060_P050_A0_Q010,C059_QPP_N060_P050_A0_Q020,60,0.0,50.0,50.0,0.01,0.02,40,0.0,0.0,0.0,40,0,0,0,2.081497288682229
amplitude,C059_QPP_N060_P050_A0_Q020,C060_QPP_N060_P050_A0_Q040,60,0.0,50.0,50.0,0.02,0.04,40,0.0,0.05,0.05,38,2,0,0,9.294618150261215
amplitude,C058_QPP_N060_P050_A0_Q010,C060_QPP_N060_P050_A0_Q040,60,0.0,50.0,50.0,0.01,0.04,40,0.0,0.05,0.05,38,2,0,0,11.06599071798108
amplitude,C061_QPP_N060_P050_A1_Q010,C062_QPP_N060_P050_A1_Q020,60,1.0,50.0,50.0,0.01,0.02,40,0.0,0.0,0.0,40,0,0,0,3.9595973024797217
amplitude,C062_QPP_N060_P050_A1_Q020,C063_QPP_N060_P050_A1_Q040,60,1.0,50.0,50.0,0.02,0.04,40,0.0,0.175,0.175,33,7,0,0,11.33829201886337
amplitude,C061_QPP_N060_P050_A1_Q010,C063_QPP_N060_P050_A1_Q040,60,1.0,50.0,50.0,0.01,0.04,40,0.0,0.175,0.175,33,7,0,0,14.95514005736436
amplitude,C064_QPP_N060_P050_A2_Q010,C065_QPP_N060_P050_A2_Q020,60,2.0,50.0,50.0,0.01,0.02,40,0.0,0.0,0.0,40,0,0,0,5.410774920908253
amplitude,C065_QPP_N060_P050_A2_Q020,C066_QPP_N060_P050_A2_Q040,60,2.0,50.0,50.0,0.02,0.04,40,0.0,0.5,0.5,20,20,0,0,12.429712560335474
amplitude,C064_QPP_N060_P050_A2_Q010,C066_QPP_N060_P050_A2_Q040,60,2.0,50.0,50.0,0.01,0.04,40,0.0,0.5,0.5,20,20,0,0,17.314054538482182
amplitude,C067_QPP_N060_P080_A0_Q010,C068_QPP_N060_P080_A0_Q020,60,0.0,80.0,80.0,0.01,0.02,40,0.0,0.0,0.0,40,0,0,0,0.4801232648884337
amplitude,C068_QPP_N060_P080_A0_Q020,C069_QPP_N060_P080_A0_Q040,60,0.0,80.0,80.0,0.02,0.04,40,0.0,0.0,0.0,40,0,0,0,5.751543333690421
amplitude,C067_QPP_N060_P080_A0_Q010,C069_QPP_N060_P080_A0_Q040,60,0.0,80.0,80.0,0.01,0.04,40,0.0,0.0,0.0,40,0,0,0,6.2822844337217845
amplitude,C070_QPP_N060_P080_A1_Q010,C071_QPP_N060_P080_A1_Q020,60,1.0,80.0,80.0,0.01,0.02,40,0.0,0.0,0.0,40,0,0,0,1.3064433800158213
amplitude,C071_QPP_N060_P080_A1_Q020,C072_QPP_N060_P080_A1_Q040,60,1.0,80.0,80.0,0.02,0.04,40,0.0,0.0,0.0,40,0,0,0,7.2582632023237466
amplitude,C070_QPP_N060_P080_A1_Q010,C072_QPP_N060_P080_A1_Q040,60,1.0,80.0,80.0,0.01,0.04,40,0.0,0.0,0.0,40,0,0,0,8.557753486819266
amplitude,C073_QPP_N060_P080_A2_Q010,C074_QPP_N060_P080_A2_Q020,60,2.0,80.0,80.0,0.01,0.02,40,0.0,0.0,0.0,40,0,0,0,2.3998718149805143
amplitude,C074_QPP_N060_P080_A2_Q020,C075_QPP_N060_P080_A2_Q040,60,2.0,80.0,80.0,0.02,0.04,40,0.0,0.0,0.0,40,0,0,0,8.937028732856604
amplitude,C073_QPP_N060_P080_A2_Q010,C075_QPP_N060_P080_A2_Q040,60,2.0,80.0,80.0,0.01,0.04,40,0.0,0.0,0.0,40,0,0,0,11.569002602392231
amplitude,C076_QPP_N060_P140_A0_Q010,C077_QPP_N060_P140_A0_Q020,60,0.0,140.0,140.0,0.01,0.02,40,0.0,0.0,0.0,40,0,0,0,0.04109576590053621
amplitude,C077_QPP_N060_P140_A0_Q020,C078_QPP_N060_P140_A0_Q040,60,0.0,140.0,140.0,0.02,0.04,40,0.0,0.0,0.0,40,0,0,0,0.7286982311770771
amplitude,C076_QPP_N060_P140_A0_Q010,C078_QPP_N060_P140_A0_Q040,60,0.0,140.0,140.0,0.01,0.04,40,0.0,0.0,0.0,40,0,0,0,0.6615084584806539
amplitude,C079_QPP_N060_P140_A1_Q010,C080_QPP_N060_P140_A1_Q020,60,1.0,140.0,140.0,0.01,0.02,40,0.0,0.0,0.0,40,0,0,0,0.07442027587396183
amplitude,C080_QPP_N060_P140_A1_Q020,C081_QPP_N060_P140_A1_Q040,60,1.0,140.0,140.0,0.02,0.04,40,0.0,0.0,0.0,40,0,0,0,0.8969343382451882
amplitude,C079_QPP_N060_P140_A1_Q010,C081_QPP_N060_P140_A1_Q040,60,1.0,140.0,140.0,0.01,0.04,40,0.0,0.0,0.0,40,0,0,0,0.8754940738757
amplitude,C082_QPP_N060_P140_A2_Q010,C083_QPP_N060_P140_A2_Q020,60,2.0,140.0,140.0,0.01,0.02,40,0.0,0.0,0.0,40,0,0,0,0.5734375620847914
amplitude,C083_QPP_N060_P140_A2_Q020,C084_QPP_N060_P140_A2_Q040,60,2.0,140.0,140.0,0.02,0.04,40,0.0,0.0,0.0,40,0,0,0,2.186918224086128
amplitude,C082_QPP_N060_P140_A2_Q010,C084_QPP_N060_P140_A2_Q040,60,2.0,140.0,140.0,0.01,0.04,40,0.0,0.0,0.0,40,0,0,0,2.7131429668377365
amplitude,C085_QPP_N120_P050_A0_Q010,C086_QPP_N120_P050_A0_Q020,120,0.0,50.0,50.0,0.01,0.02,40,0.025,0.1,0.07500000000000001,36,3,0,1,10.563768382815226
amplitude,C086_QPP_N120_P050_A0_Q020,C087_QPP_N120_P050_A0_Q040,120,0.0,50.0,50.0,0.02,0.04,40,0.1,1.0,0.9,0,36,0,4,35.21435593973695
amplitude,C085_QPP_N120_P050_A0_Q010,C087_QPP_N120_P050_A0_Q040,120,0.0,50.0,50.0,0.01,0.04,40,0.025,1.0,0.975,0,39,0,1,45.72108491581679
amplitude,C088_QPP_N120_P050_A1_Q010,C089_QPP_N120_P050_A1_Q020,120,1.0,50.0,50.0,0.01,0.02,40,0.025,0.9,0.875,4,35,0,1,24.37298854410085
amplitude,C089_QPP_N120_P050_A1_Q020,C090_QPP_N120_P050_A1_Q040,120,1.0,50.0,50.0,0.02,0.04,40,0.9,1.0,0.09999999999999998,0,4,0,36,46.73376416640946
amplitude,C088_QPP_N120_P050_A1_Q010,C090_QPP_N120_P050_A1_Q040,120,1.0,50.0,50.0,0.01,0.04,40,0.025,1.0,0.975,0,39,0,1,70.55452488701553
amplitude,C091_QPP_N120_P050_A2_Q010,C092_QPP_N120_P050_A2_Q020,120,2.0,50.0,50.0,0.01,0.02,40,0.5,1.0,0.5,0,20,0,20,35.46176206364129
amplitude,C092_QPP_N120_P050_A2_Q020,C093_QPP_N120_P050_A2_Q040,120,2.0,50.0,50.0,0.02,0.04,40,1.0,1.0,0.0,0,0,0,40,53.31919969271814
amplitude,C091_QPP_N120_P050_A2_Q010,C093_QPP_N120_P050_A2_Q040,120,2.0,50.0,50.0,0.01,0.04,40,0.5,1.0,0.5,0,20,0,20,89.60582700035712
amplitude,C094_QPP_N120_P080_A0_Q010,C095_QPP_N120_P080_A0_Q020,120,0.0,80.0,80.0,0.01,0.02,40,0.0,0.1,0.1,36,4,0,0,9.378923700308974
amplitude,C095_QPP_N120_P080_A0_Q020,C096_QPP_N120_P080_A0_Q040,120,0.0,80.0,80.0,0.02,0.04,40,0.1,1.0,0.9,0,36,0,4,34.653104347820204
amplitude,C094_QPP_N120_P080_A0_Q010,C096_QPP_N120_P080_A0_Q040,120,0.0,80.0,80.0,0.01,0.04,40,0.0,1.0,1.0,0,40,0,0,43.956949185787494
amplitude,C097_QPP_N120_P080_A1_Q010,C098_QPP_N120_P080_A1_Q020,120,1.0,80.0,80.0,0.01,0.02,40,0.0,0.575,0.575,17,23,0,0,19.09642464086636
amplitude,C098_QPP_N120_P080_A1_Q020,C099_QPP_N120_P080_A1_Q040,120,1.0,80.0,80.0,0.02,0.04,40,0.575,1.0,0.42500000000000004,0,17,0,23,34.53420638286366
amplitude,C097_QPP_N120_P080_A1_Q010,C099_QPP_N120_P080_A1_Q040,120,1.0,80.0,80.0,0.01,0.04,40,0.0,1.0,1.0,0,40,0,0,52.90026997643008
amplitude,C100_QPP_N120_P080_A2_Q010,C101_QPP_N120_P080_A2_Q020,120,2.0,80.0,80.0,0.01,0.02,40,0.0,1.0,1.0,0,40,0,0,23.32941853865873
amplitude,C101_QPP_N120_P080_A2_Q020,C102_QPP_N120_P080_A2_Q040,120,2.0,80.0,80.0,0.02,0.04,40,1.0,1.0,0.0,0,0,0,40,35.062763820722125
amplitude,C100_QPP_N120_P080_A2_Q010,C102_QPP_N120_P080_A2_Q040,120,2.0,80.0,80.0,0.01,0.04,40,0.0,1.0,1.0,0,40,0,0,57.75431668734626
amplitude,C103_QPP_N120_P140_A0_Q010,C104_QPP_N120_P140_A0_Q020,120,0.0,140.0,140.0,0.01,0.02,40,0.0,0.0,0.0,40,0,0,0,1.4448277857115954
amplitude,C104_QPP_N120_P140_A0_Q020,C105_QPP_N120_P140_A0_Q040,120,0.0,140.0,140.0,0.02,0.04,40,0.0,0.175,0.175,33,7,0,0,12.418753321215092
amplitude,C103_QPP_N120_P140_A0_Q010,C105_QPP_N120_P140_A0_Q040,120,0.0,140.0,140.0,0.01,0.04,40,0.0,0.175,0.175,33,7,0,0,13.732943250691164
amplitude,C106_QPP_N120_P140_A1_Q010,C107_QPP_N120_P140_A1_Q020,120,1.0,140.0,140.0,0.01,0.02,40,0.0,0.0,0.0,40,0,0,0,3.2739203886652035
amplitude,C107_QPP_N120_P140_A1_Q020,C108_QPP_N120_P140_A1_Q040,120,1.0,140.0,140.0,0.02,0.04,40,0.0,0.4,0.4,24,16,0,0,13.87841718930025
amplitude,C106_QPP_N120_P140_A1_Q010,C108_QPP_N120_P140_A1_Q040,120,1.0,140.0,140.0,0.01,0.04,40,0.0,0.4,0.4,24,16,0,0,18.296251832027792
amplitude,C109_QPP_N120_P140_A2_Q010,C110_QPP_N120_P140_A2_Q020,120,2.0,140.0,140.0,0.01,0.02,40,0.0,0.0,0.0,40,0,0,0,6.588925423187277
amplitude,C110_QPP_N120_P140_A2_Q020,C111_QPP_N120_P140_A2_Q040,120,2.0,140.0,140.0,0.02,0.04,40,0.0,0.675,0.675,13,27,0,0,13.954754896809902
amplitude,C109_QPP_N120_P140_A2_Q010,C111_QPP_N120_P140_A2_Q040,120,2.0,140.0,140.0,0.01,0.04,40,0.0,0.675,0.675,13,27,0,0,20.944966172657075
period,C013_QPP_N015_P050_A0_Q010,C022_QPP_N015_P080_A0_Q010,15,0.0,50.0,80.0,0.01,0.01,40,0.0,0.0,0.0,40,0,0,0,0.0005479997260469105
period,C014_QPP_N015_P050_A0_Q020,C023_QPP_N015_P080_A0_Q020,15,0.0,50.0,80.0,0.02,0.02,40,0.0,0.0,0.0,40,0,0,0,-0.006564750676144371
period,C015_QPP_N015_P050_A0_Q040,C024_QPP_N015_P080_A0_Q040,15,0.0,50.0,80.0,0.04,0.04,40,0.0,0.0,0.0,40,0,0,0,-0.08711580590075041
period,C016_QPP_N015_P050_A1_Q010,C025_QPP_N015_P080_A1_Q010,15,1.0,50.0,80.0,0.01,0.01,40,0.0,0.0,0.0,40,0,0,0,-0.024865087533403774
period,C017_QPP_N015_P050_A1_Q020,C026_QPP_N015_P080_A1_Q020,15,1.0,50.0,80.0,0.02,0.02,40,0.0,0.0,0.0,40,0,0,0,-0.051818286369921474
period,C018_QPP_N015_P050_A1_Q040,C027_QPP_N015_P080_A1_Q040,15,1.0,50.0,80.0,0.04,0.04,40,0.0,0.0,0.0,40,0,0,0,-0.223317091204275
period,C019_QPP_N015_P050_A2_Q010,C028_QPP_N015_P080_A2_Q010,15,2.0,50.0,80.0,0.01,0.01,40,0.0,0.0,0.0,40,0,0,0,0.02900444393863122
period,C020_QPP_N015_P050_A2_Q020,C029_QPP_N015_P080_A2_Q020,15,2.0,50.0,80.0,0.02,0.02,40,0.0,0.0,0.0,40,0,0,0,0.043914101451776766
period,C021_QPP_N015_P050_A2_Q040,C030_QPP_N015_P080_A2_Q040,15,2.0,50.0,80.0,0.04,0.04,40,0.0,0.0,0.0,40,0,0,0,-0.03951491316276634
period,C031_QPP_N030_P050_A0_Q010,C040_QPP_N030_P080_A0_Q010,30,0.0,50.0,80.0,0.01,0.01,40,0.0,0.0,0.0,40,0,0,0,-0.021668674732481463
period,C031_QPP_N030_P050_A0_Q010,C049_QPP_N030_P140_A0_Q010,30,0.0,50.0,140.0,0.01,0.01,40,0.0,0.0,0.0,40,0,0,0,0.001165345691969577
period,C040_QPP_N030_P080_A0_Q010,C049_QPP_N030_P140_A0_Q010,30,0.0,80.0,140.0,0.01,0.01,40,0.0,0.0,0.0,40,0,0,0,0.005947542708842235
period,C032_QPP_N030_P050_A0_Q020,C041_QPP_N030_P080_A0_Q020,30,0.0,50.0,80.0,0.02,0.02,40,0.0,0.0,0.0,40,0,0,0,-0.4345969445393436
period,C032_QPP_N030_P050_A0_Q020,C050_QPP_N030_P140_A0_Q020,30,0.0,50.0,140.0,0.02,0.02,40,0.0,0.0,0.0,40,0,0,0,-0.38307349201022944
period,C041_QPP_N030_P080_A0_Q020,C050_QPP_N030_P140_A0_Q020,30,0.0,80.0,140.0,0.02,0.02,40,0.0,0.0,0.0,40,0,0,0,0.01600503498808692
period,C033_QPP_N030_P050_A0_Q040,C042_QPP_N030_P080_A0_Q040,30,0.0,50.0,80.0,0.04,0.04,40,0.0,0.0,0.0,40,0,0,0,-0.8362840812562666
period,C033_QPP_N030_P050_A0_Q040,C051_QPP_N030_P140_A0_Q040,30,0.0,50.0,140.0,0.04,0.04,40,0.0,0.0,0.0,40,0,0,0,-1.1199094880445521
period,C042_QPP_N030_P080_A0_Q040,C051_QPP_N030_P140_A0_Q040,30,0.0,80.0,140.0,0.04,0.04,40,0.0,0.0,0.0,40,0,0,0,-0.36724412521973804
period,C034_QPP_N030_P050_A1_Q010,C043_QPP_N030_P080_A1_Q010,30,1.0,50.0,80.0,0.01,0.01,40,0.0,0.0,0.0,40,0,0,0,-0.1441062368219157
period,C034_QPP_N030_P050_A1_Q010,C052_QPP_N030_P140_A1_Q010,30,1.0,50.0,140.0,0.01,0.01,40,0.0,0.0,0.0,40,0,0,0,-0.1480246773511844
period,C043_QPP_N030_P080_A1_Q010,C052_QPP_N030_P140_A1_Q010,30,1.0,80.0,140.0,0.01,0.01,40,0.0,0.0,0.0,40,0,0,0,0.004677892732267708
period,C035_QPP_N030_P050_A1_Q020,C044_QPP_N030_P080_A1_Q020,30,1.0,50.0,80.0,0.02,0.02,40,0.0,0.0,0.0,40,0,0,0,-0.46575838170487316
period,C035_QPP_N030_P050_A1_Q020,C053_QPP_N030_P140_A1_Q020,30,1.0,50.0,140.0,0.02,0.02,40,0.0,0.0,0.0,40,0,0,0,-0.7126356174542181
period,C044_QPP_N030_P080_A1_Q020,C053_QPP_N030_P140_A1_Q020,30,1.0,80.0,140.0,0.02,0.02,40,0.0,0.0,0.0,40,0,0,0,-0.07638107272569172
period,C036_QPP_N030_P050_A1_Q040,C045_QPP_N030_P080_A1_Q040,30,1.0,50.0,80.0,0.04,0.04,40,0.0,0.0,0.0,40,0,0,0,-1.440209368206638
period,C036_QPP_N030_P050_A1_Q040,C054_QPP_N030_P140_A1_Q040,30,1.0,50.0,140.0,0.04,0.04,40,0.0,0.0,0.0,40,0,0,0,-2.2860013653654185
period,C045_QPP_N030_P080_A1_Q040,C054_QPP_N030_P140_A1_Q040,30,1.0,80.0,140.0,0.04,0.04,40,0.0,0.0,0.0,40,0,0,0,-0.5516623846706814
period,C037_QPP_N030_P050_A2_Q010,C046_QPP_N030_P080_A2_Q010,30,2.0,50.0,80.0,0.01,0.01,40,0.0,0.0,0.0,40,0,0,0,-0.043609090168097
period,C037_QPP_N030_P050_A2_Q010,C055_QPP_N030_P140_A2_Q010,30,2.0,50.0,140.0,0.01,0.01,40,0.0,0.0,0.0,40,0,0,0,-0.05926962747449949
period,C046_QPP_N030_P080_A2_Q010,C055_QPP_N030_P140_A2_Q010,30,2.0,80.0,140.0,0.01,0.01,40,0.0,0.0,0.0,40,0,0,0,0.006727918775673913
period,C038_QPP_N030_P050_A2_Q020,C047_QPP_N030_P080_A2_Q020,30,2.0,50.0,80.0,0.02,0.02,40,0.0,0.0,0.0,40,0,0,0,-0.6011486020872603
period,C038_QPP_N030_P050_A2_Q020,C056_QPP_N030_P140_A2_Q020,30,2.0,50.0,140.0,0.02,0.02,40,0.0,0.0,0.0,40,0,0,0,-0.6458496228886155
period,C047_QPP_N030_P080_A2_Q020,C056_QPP_N030_P140_A2_Q020,30,2.0,80.0,140.0,0.02,0.02,40,0.0,0.0,0.0,40,0,0,0,-0.04118703775352017
period,C039_QPP_N030_P050_A2_Q040,C048_QPP_N030_P080_A2_Q040,30,2.0,50.0,80.0,0.04,0.04,40,0.0,0.0,0.0,40,0,0,0,-1.5005252837159837
period,C039_QPP_N030_P050_A2_Q040,C057_QPP_N030_P140_A2_Q040,30,2.0,50.0,140.0,0.04,0.04,40,0.0,0.0,0.0,40,0,0,0,-2.2301076935825535
period,C048_QPP_N030_P080_A2_Q040,C057_QPP_N030_P140_A2_Q040,30,2.0,80.0,140.0,0.04,0.04,40,0.0,0.0,0.0,40,0,0,0,-0.7106487382380138
period,C058_QPP_N060_P050_A0_Q010,C067_QPP_N060_P080_A0_Q010,60,0.0,50.0,80.0,0.01,0.01,40,0.0,0.0,0.0,40,0,0,0,-0.0174105028800966
period,C058_QPP_N060_P050_A0_Q010,C076_QPP_N060_P140_A0_Q010,60,0.0,50.0,140.0,0.01,0.01,40,0.0,0.0,0.0,40,0,0,0,-0.22804111128634474
period,C067_QPP_N060_P080_A0_Q010,C076_QPP_N060_P140_A0_Q010,60,0.0,80.0,140.0,0.01,0.01,40,0.0,0.0,0.0,40,0,0,0,-0.17259647862083227
period,C059_QPP_N060_P050_A0_Q020,C068_QPP_N060_P080_A0_Q020,60,0.0,50.0,80.0,0.02,0.02,40,0.0,0.0,0.0,40,0,0,0,-1.3412855554928313
period,C059_QPP_N060_P050_A0_Q020,C077_QPP_N060_P140_A0_Q020,60,0.0,50.0,140.0,0.02,0.02,40,0.0,0.0,0.0,40,0,0,0,-2.0040499359237174
period,C068_QPP_N060_P080_A0_Q020,C077_QPP_N060_P140_A0_Q020,60,0.0,80.0,140.0,0.02,0.02,40,0.0,0.0,0.0,40,0,0,0,-0.6258946369756018
period,C060_QPP_N060_P050_A0_Q040,C069_QPP_N060_P080_A0_Q040,60,0.0,50.0,80.0,0.04,0.04,40,0.05,0.0,-0.05,38,0,2,0,-5.268778727067385
period,C060_QPP_N060_P050_A0_Q040,C078_QPP_N060_P140_A0_Q040,60,0.0,50.0,140.0,0.04,0.04,40,0.05,0.0,-0.05,38,0,2,0,-11.059123880325771
period,C069_QPP_N060_P080_A0_Q040,C078_QPP_N060_P140_A0_Q040,60,0.0,80.0,140.0,0.04,0.04,40,0.0,0.0,0.0,40,0,0,0,-5.302659729679121
period,C061_QPP_N060_P050_A1_Q010,C070_QPP_N060_P080_A1_Q010,60,1.0,50.0,80.0,0.01,0.01,40,0.0,0.0,0.0,40,0,0,0,-0.6262484444657872
period,C061_QPP_N060_P050_A1_Q010,C079_QPP_N060_P140_A1_Q010,60,1.0,50.0,140.0,0.01,0.01,40,0.0,0.0,0.0,40,0,0,0,-0.6035331944952276
period,C070_QPP_N060_P080_A1_Q010,C079_QPP_N060_P140_A1_Q010,60,1.0,80.0,140.0,0.01,0.01,40,0.0,0.0,0.0,40,0,0,0,-0.02641218688226843
period,C062_QPP_N060_P050_A1_Q020,C071_QPP_N060_P080_A1_Q020,60,1.0,50.0,80.0,0.02,0.02,40,0.0,0.0,0.0,40,0,0,0,-3.3347262349257107
period,C062_QPP_N060_P050_A1_Q020,C080_QPP_N060_P140_A1_Q020,60,1.0,50.0,140.0,0.02,0.02,40,0.0,0.0,0.0,40,0,0,0,-3.9160598106605704
period,C071_QPP_N060_P080_A1_Q020,C080_QPP_N060_P140_A1_Q020,60,1.0,80.0,140.0,0.02,0.02,40,0.0,0.0,0.0,40,0,0,0,-0.6829974322304935
period,C063_QPP_N060_P050_A1_Q040,C072_QPP_N060_P080_A1_Q040,60,1.0,50.0,80.0,0.04,0.04,40,0.175,0.0,-0.175,33,0,7,0,-7.498142294116647
period,C063_QPP_N060_P050_A1_Q040,C081_QPP_N060_P140_A1_Q040,60,1.0,50.0,140.0,0.04,0.04,40,0.175,0.0,-0.175,33,0,7,0,-14.669955711953804
period,C072_QPP_N060_P080_A1_Q040,C081_QPP_N060_P140_A1_Q040,60,1.0,80.0,140.0,0.04,0.04,40,0.0,0.0,0.0,40,0,0,0,-5.737379723882853
period,C064_QPP_N060_P050_A2_Q010,C073_QPP_N060_P080_A2_Q010,60,2.0,50.0,80.0,0.01,0.01,40,0.0,0.0,0.0,40,0,0,0,-1.0969184569644028
period,C064_QPP_N060_P050_A2_Q010,C082_QPP_N060_P140_A2_Q010,60,2.0,50.0,140.0,0.01,0.01,40,0.0,0.0,0.0,40,0,0,0,-1.6424910997697566
period,C073_QPP_N060_P080_A2_Q010,C082_QPP_N060_P140_A2_Q010,60,2.0,80.0,140.0,0.01,0.01,40,0.0,0.0,0.0,40,0,0,0,-0.29417426889659737
period,C065_QPP_N060_P050_A2_Q020,C074_QPP_N060_P080_A2_Q020,60,2.0,50.0,80.0,0.02,0.02,40,0.0,0.0,0.0,40,0,0,0,-4.597590165744748
period,C065_QPP_N060_P050_A2_Q020,C083_QPP_N060_P140_A2_Q020,60,2.0,50.0,140.0,0.02,0.02,40,0.0,0.0,0.0,40,0,0,0,-6.721780474675512
period,C074_QPP_N060_P080_A2_Q020,C083_QPP_N060_P140_A2_Q020,60,2.0,80.0,140.0,0.02,0.02,40,0.0,0.0,0.0,40,0,0,0,-2.0891244038307235
period,C066_QPP_N060_P050_A2_Q040,C075_QPP_N060_P080_A2_Q040,60,2.0,50.0,80.0,0.04,0.04,40,0.5,0.0,-0.5,20,0,20,0,-8.685565470119784
period,C066_QPP_N060_P050_A2_Q040,C084_QPP_N060_P140_A2_Q040,60,2.0,50.0,140.0,0.04,0.04,40,0.5,0.0,-0.5,20,0,20,0,-16.788411597333848
period,C075_QPP_N060_P080_A2_Q040,C084_QPP_N060_P140_A2_Q040,60,2.0,80.0,140.0,0.04,0.04,40,0.0,0.0,0.0,40,0,0,0,-8.93951809488469
period,C085_QPP_N120_P050_A0_Q010,C094_QPP_N120_P080_A0_Q010,120,0.0,50.0,80.0,0.01,0.01,40,0.025,0.0,-0.025,39,0,1,0,-0.2542944216326646
period,C085_QPP_N120_P050_A0_Q010,C103_QPP_N120_P140_A0_Q010,120,0.0,50.0,140.0,0.01,0.01,40,0.025,0.0,-0.025,39,0,1,0,-0.2605867414565637
period,C094_QPP_N120_P080_A0_Q010,C103_QPP_N120_P140_A0_Q010,120,0.0,80.0,140.0,0.01,0.01,40,0.0,0.0,0.0,40,0,0,0,0.2410271417705303
period,C086_QPP_N120_P050_A0_Q020,C095_QPP_N120_P080_A0_Q020,120,0.0,50.0,80.0,0.02,0.02,40,0.1,0.1,0.0,33,3,3,1,-3.072707081793908
period,C086_QPP_N120_P050_A0_Q020,C104_QPP_N120_P140_A0_Q020,120,0.0,50.0,140.0,0.02,0.02,40,0.1,0.0,-0.1,36,0,4,0,-8.702225473960652
period,C095_QPP_N120_P080_A0_Q020,C104_QPP_N120_P140_A0_Q020,120,0.0,80.0,140.0,0.02,0.02,40,0.1,0.0,-0.1,36,0,4,0,-6.1402084698577255
period,C087_QPP_N120_P050_A0_Q040,C096_QPP_N120_P080_A0_Q040,120,0.0,50.0,80.0,0.04,0.04,40,1.0,1.0,0.0,0,0,0,40,-3.216917985290081
period,C087_QPP_N120_P050_A0_Q040,C105_QPP_N120_P140_A0_Q040,120,0.0,50.0,140.0,0.04,0.04,40,1.0,0.175,-0.825,0,0,33,7,-33.34005728226629
period,C096_QPP_N120_P080_A0_Q040,C105_QPP_N120_P140_A0_Q040,120,0.0,80.0,140.0,0.04,0.04,40,1.0,0.175,-0.825,0,0,33,7,-29.109918237413467
period,C088_QPP_N120_P050_A1_Q010,C097_QPP_N120_P080_A1_Q010,120,1.0,50.0,80.0,0.01,0.01,40,0.025,0.0,-0.025,39,0,1,0,-5.736512056287381
period,C088_QPP_N120_P050_A1_Q010,C106_QPP_N120_P140_A1_Q010,120,1.0,50.0,140.0,0.01,0.01,40,0.025,0.0,-0.025,39,0,1,0,-7.837573776094246
period,C097_QPP_N120_P080_A1_Q010,C106_QPP_N120_P140_A1_Q010,120,1.0,80.0,140.0,0.01,0.01,40,0.0,0.0,0.0,40,0,0,0,-1.8131187914278826
period,C089_QPP_N120_P050_A1_Q020,C098_QPP_N120_P080_A1_Q020,120,1.0,50.0,80.0,0.02,0.02,40,0.9,0.575,-0.32500000000000007,3,1,14,22,-11.749124352986655
period,C089_QPP_N120_P050_A1_Q020,C107_QPP_N120_P140_A1_Q020,120,1.0,50.0,140.0,0.02,0.02,40,0.9,0.0,-0.9,4,0,36,0,-29.123876311267566
period,C098_QPP_N120_P080_A1_Q020,C107_QPP_N120_P140_A1_Q020,120,1.0,80.0,140.0,0.02,0.02,40,0.575,0.0,-0.575,17,0,23,0,-17.45488834541868
period,C090_QPP_N120_P050_A1_Q040,C099_QPP_N120_P080_A1_Q040,120,1.0,50.0,80.0,0.04,0.04,40,1.0,1.0,0.0,0,0,0,40,-23.97658729118541
period,C090_QPP_N120_P050_A1_Q040,C108_QPP_N120_P140_A1_Q040,120,1.0,50.0,140.0,0.04,0.04,40,1.0,0.4,-0.6,0,0,24,16,-60.6117639847991
period,C099_QPP_N120_P080_A1_Q040,C108_QPP_N120_P140_A1_Q040,120,1.0,80.0,140.0,0.04,0.04,40,1.0,0.4,-0.6,0,0,24,16,-37.79816395454827
period,C091_QPP_N120_P050_A2_Q010,C100_QPP_N120_P080_A2_Q010,120,2.0,50.0,80.0,0.01,0.01,40,0.5,0.0,-0.5,20,0,20,0,-12.510355878316204
period,C091_QPP_N120_P050_A2_Q010,C109_QPP_N120_P140_A2_Q010,120,2.0,50.0,140.0,0.01,0.01,40,0.5,0.0,-0.5,20,0,20,0,-20.5976967918956
period,C100_QPP_N120_P080_A2_Q010,C109_QPP_N120_P140_A2_Q010,120,2.0,80.0,140.0,0.01,0.01,40,0.0,0.0,0.0,40,0,0,0,-8.131094751161072
period,C092_QPP_N120_P050_A2_Q020,C101_QPP_N120_P080_A2_Q020,120,2.0,50.0,80.0,0.02,0.02,40,1.0,1.0,0.0,0,0,0,40,-24.180216802106543
period,C092_QPP_N120_P050_A2_Q020,C110_QPP_N120_P140_A2_Q020,120,2.0,50.0,140.0,0.02,0.02,40,1.0,0.0,-1.0,0,0,40,0,-49.32012178035973
period,C101_QPP_N120_P080_A2_Q020,C110_QPP_N120_P140_A2_Q020,120,2.0,80.0,140.0,0.02,0.02,40,1.0,0.0,-1.0,0,0,40,0,-24.737697291081247
period,C093_QPP_N120_P050_A2_Q040,C102_QPP_N120_P080_A2_Q040,120,2.0,50.0,80.0,0.04,0.04,40,1.0,1.0,0.0,0,0,0,40,-41.98296868731228
period,C093_QPP_N120_P050_A2_Q040,C111_QPP_N120_P140_A2_Q040,120,2.0,50.0,140.0,0.04,0.04,40,1.0,0.675,-0.32499999999999996,0,0,13,27,-88.94941633780519
period,C102_QPP_N120_P080_A2_Q040,C111_QPP_N120_P140_A2_Q040,120,2.0,80.0,140.0,0.04,0.04,40,1.0,0.675,-0.32499999999999996,0,0,13,27,-45.679462904269656
