positioning_id,phrase_or_position,classification,source_ids,safe_wording,mandatory_qualification,prohibited_wording,target_section
M1BP001,first catalogue-scale TESS QPP study,PROHIBITED_PRIORITY_CLAIM,M1S026;M1S027;M1S029,Do not use a first-ever claim; describe the specific prospective robustness contribution.,BAII identifies direct catalogue-scale TESS QPP overlap.,first catalogue-scale TESS QPP study,1
M1BP002,first TESS QPP catalogue,PROHIBITED_PRIORITY_CLAIM,M1S026;M1S027;M1S029,Do not claim first TESS QPP catalogue.,Existing catalogue-scale TESS/QPP works are present in the frozen BAII corpus.,first TESS QPP catalogue,1
M1BP003,first QPP injection-recovery study,PROHIBITED_PRIORITY_CLAIM,M1S026;M1S028;M1S029,Describe the project-specific heldout architecture without first-ever language.,BAII contains direct F3B-overlap injection/recovery and selection-function work.,first QPP injection-recovery study,1;5.5
M1BP004,first methodological robustness study,PROHIBITED_PRIORITY_CLAIM,M1S026;M1S029,Describe the prospectively frozen robustness design and catalogue-scale extension.,BAII includes robustness/processing studies; no unrestricted priority conclusion is authorized.,first methodological robustness study,1
M1BP005,no previous work...,PROHIBITED_PRIORITY_CLAIM,M1S026;M1S029,Replace absence-of-precedent language with bounded positioning against the frozen BAII corpus.,The audit is bounded and access depth is heterogeneous.,no previous work; nobody has previously,1;5
M1BP006,"Catalogue scale, TESS use and QPP classification do not alone define the distinctive contribution.",SAFE,M1S027;M1S029,Prior work already overlaps these dimensions; position the contribution in the combined prospective robustness and heldout architecture.,Bounded to frozen BAII evidence.,,1
M1BP007,Two included works are DIRECT F3A overlaps that required prospective F3A redesign/reframing.,SAFE,M1S027;M1S029,The frozen BAII gate identified two DIRECT F3A overlaps and required prospective design reconsideration.,"This is a gate/design statement, not a global novelty verdict.",,1;3.4
M1BP008,No included work was assessed as matching the complete project-specific F3B architecture.,REQUIRES_QUALIFICATION,M1S028;M1S029,"Within the 40 primary included BAII works, no work was assessed as matching the complete project-specific F3B development/heldout architecture.",Bounded to the frozen included corpus; not a global priority claim.,there is no previous F3B-like work anywhere,1;5.5
M1BP009,The systematic literature coverage is frozen and not continuously updated.,REQUIRES_QUALIFICATION,M1S027;M1S029,BAII positioning reflects the frozen search/extraction window and documented source-access depth.,Literature after the frozen search is not systematically covered.,current exhaustive literature proves novelty,1;5
